Date,Actual,Pred
2017-06-08,1,0
2017-06-08,1,0
2017-06-08,1,0
2017-06-08,1,0
2017-06-08,1,1
2017-06-08,1,0
2017-06-08,1,0
2017-06-08,1,0
2017-06-08,1,0
2017-06-08,1,0
2017-06-08,1,0
2017-06-08,1,0
2017-06-08,1,0
2017-06-08,1,0
2017-06-08,1,0
2017-06-08,1,0
2017-06-08,1,0
2017-06-08,1,0
2017-06-08,1,0
2017-06-08,1,0
2017-06-08,1,0
2017-06-08,1,0
2017-06-08,1,0
2017-06-09,-1,0
2017-06-09,-1,0
2017-06-09,-1,0
2017-06-09,-1,0
2017-06-09,-1,1
2017-06-09,-1,0
2017-06-09,-1,0
2017-06-09,-1,1
2017-06-09,-1,0
2017-06-09,-1,0
2017-06-09,-1,0
2017-06-09,-1,1
2017-06-09,-1,0
2017-06-09,-1,0
2017-06-09,-1,1
2017-06-09,-1,0
2017-06-09,-1,0
2017-06-09,-1,0
2017-06-09,-1,0
2017-06-09,-1,0
2017-06-09,-1,0
2017-06-09,-1,1
2017-06-09,-1,0
2017-06-09,-1,0
2017-06-09,-1,0
2017-06-09,-1,0
2017-06-09,-1,0
2017-06-09,-1,1
2017-06-09,-1,0
2017-06-09,-1,0
2017-06-09,-1,1
2017-06-09,-1,0
2017-06-09,-1,0
2017-06-09,-1,0
2017-06-09,-1,0
2017-06-09,-1,0
2017-06-09,-1,0
2017-06-09,-1,0
2017-06-09,-1,1
2017-06-09,-1,0
2017-06-09,-1,0
2017-06-09,-1,0
2017-06-09,-1,0
2017-06-12,0,0
2017-06-12,0,0
2017-06-12,0,0
2017-06-12,0,1
2017-06-12,0,0
2017-06-12,0,1
2017-06-12,0,0
2017-06-12,0,0
2017-06-12,0,0
2017-06-12,0,0
2017-06-12,0,0
2017-06-12,0,0
2017-06-12,0,0
2017-06-12,0,0
2017-06-12,0,0
2017-06-12,0,0
2017-06-12,0,0
2017-06-12,0,0
2017-06-12,0,0
2017-06-12,0,1
2017-06-12,0,0
2017-06-12,0,0
2017-06-12,0,0
2017-06-12,0,0
2017-06-12,0,1
2017-06-12,0,0
2017-06-12,0,0
2017-06-12,0,0
2017-06-12,0,0
2017-06-12,0,0
2017-06-12,0,0
2017-06-12,0,0
2017-06-12,0,0
2017-06-12,0,0
2017-06-12,0,0
2017-06-12,0,0
2017-06-12,0,0
2017-06-12,0,0
2017-06-12,0,0
2017-06-12,0,0
2017-06-12,0,0
2017-06-12,0,0
2017-06-12,0,0
2017-06-12,0,0
2017-06-12,0,0
2017-06-12,0,0
2017-06-12,0,0
2017-06-12,0,0
2017-06-12,0,0
2017-06-12,0,0
2017-06-12,0,0
2017-06-12,0,0
2017-06-12,0,0
2017-06-12,0,0
2017-06-12,0,0
2017-06-12,0,0
2017-06-12,0,1
2017-06-12,0,0
2017-06-12,0,0
2017-06-12,0,0
2017-06-12,0,0
2017-06-12,0,0
2017-06-12,0,0
2017-06-12,0,1
2017-06-12,0,0
2017-06-12,0,1
2017-06-12,0,1
2017-06-12,0,0
2017-06-12,0,0
2017-06-12,0,0
2017-06-12,0,0
2017-06-12,0,0
2017-06-12,0,0
2017-06-12,0,0
2017-06-12,0,0
2017-06-12,0,0
2017-06-12,0,1
2017-06-12,0,0
2017-06-12,0,0
2017-06-12,0,0
2017-06-12,0,0
2017-06-12,0,0
2017-06-12,0,0
2017-06-12,0,0
2017-06-12,0,0
2017-06-12,0,1
2017-06-12,0,0
2017-06-12,0,0
2017-06-12,0,0
2017-06-12,0,0
2017-06-13,0,0
2017-06-13,0,0
2017-06-13,0,0
2017-06-13,0,1
2017-06-13,0,0
2017-06-13,0,1
2017-06-13,0,0
2017-06-13,0,0
2017-06-13,0,0
2017-06-13,0,0
2017-06-13,0,0
2017-06-13,0,0
2017-06-13,0,1
2017-06-13,0,0
2017-06-13,0,0
2017-06-13,0,0
2017-06-13,0,0
2017-06-13,0,1
2017-06-13,0,0
2017-06-13,0,0
2017-06-13,0,0
2017-06-13,0,0
2017-06-13,0,1
2017-06-13,0,0
2017-06-13,0,0
2017-06-13,0,0
2017-06-13,0,0
2017-06-13,0,0
2017-06-13,0,0
2017-06-13,0,0
2017-06-13,0,0
2017-06-13,0,0
2017-06-13,0,0
2017-06-13,0,0
2017-06-13,0,0
2017-06-13,0,0
2017-06-13,0,0
2017-06-13,0,0
2017-06-13,0,0
2017-06-13,0,0
2017-06-13,0,0
2017-06-13,0,0
2017-06-13,0,0
2017-06-13,0,0
2017-06-13,0,1
2017-06-13,0,0
2017-06-13,0,0
2017-06-14,0,0
2017-06-14,0,0
2017-06-14,0,1
2017-06-14,0,0
2017-06-14,0,0
2017-06-14,0,0
2017-06-14,0,0
2017-06-14,0,1
2017-06-14,0,0
2017-06-14,0,0
2017-06-14,0,0
2017-06-14,0,0
2017-06-14,0,0
2017-06-14,0,0
2017-06-14,0,0
2017-06-14,0,0
2017-06-14,0,0
2017-06-14,0,0
2017-06-14,0,0
2017-06-14,0,0
2017-06-14,0,0
2017-06-14,0,1
2017-06-14,0,0
2017-06-14,0,0
2017-06-14,0,0
2017-06-15,-1,0
2017-06-15,-1,0
2017-06-15,-1,0
2017-06-15,-1,0
2017-06-15,-1,0
2017-06-15,-1,0
2017-06-15,-1,0
2017-06-15,-1,0
2017-06-15,-1,1
2017-06-15,-1,0
2017-06-15,-1,0
2017-06-15,-1,0
2017-06-15,-1,0
2017-06-15,-1,0
2017-06-15,-1,0
2017-06-15,-1,0
2017-06-15,-1,0
2017-06-15,-1,0
2017-06-15,-1,0
2017-06-15,-1,1
2017-06-15,-1,1
2017-06-15,-1,0
2017-06-15,-1,0
2017-06-15,-1,0
2017-06-15,-1,0
2017-06-15,-1,0
2017-06-15,-1,-1
2017-06-15,-1,0
2017-06-15,-1,0
2017-06-15,-1,0
2017-06-15,-1,1
2017-06-15,-1,0
2017-06-15,-1,0
2017-06-15,-1,0
2017-06-15,-1,0
2017-06-15,-1,1
2017-06-15,-1,0
2017-06-15,-1,0
2017-06-15,-1,0
2017-06-15,-1,0
2017-06-15,-1,0
2017-06-15,-1,0
2017-06-15,-1,0
2017-06-15,-1,0
2017-06-15,-1,0
2017-06-15,-1,0
2017-06-15,-1,0
2017-06-15,-1,0
2017-06-15,-1,0
2017-06-16,0,0
2017-06-16,0,0
2017-06-16,0,0
2017-06-16,0,0
2017-06-16,0,0
2017-06-16,0,0
2017-06-16,0,0
2017-06-16,0,0
2017-06-16,0,0
2017-06-16,0,0
2017-06-16,0,0
2017-06-16,0,0
2017-06-16,0,0
2017-06-16,0,0
2017-06-16,0,0
2017-06-16,0,0
2017-06-16,0,0
2017-06-16,0,0
2017-06-16,0,0
2017-06-16,0,0
2017-06-16,0,0
2017-06-16,0,0
2017-06-16,0,0
2017-06-16,0,0
2017-06-16,0,0
2017-06-16,0,0
2017-06-16,0,0
2017-06-16,0,0
2017-06-16,0,1
2017-06-16,0,0
2017-06-19,1,0
2017-06-19,1,0
2017-06-19,1,0
2017-06-19,1,0
2017-06-19,1,0
2017-06-19,1,0
2017-06-19,1,0
2017-06-19,1,0
2017-06-19,1,0
2017-06-19,1,0
2017-06-19,1,0
2017-06-19,1,0
2017-06-19,1,0
2017-06-19,1,0
2017-06-19,1,0
2017-06-19,1,0
2017-06-19,1,1
2017-06-19,1,0
2017-06-19,1,0
2017-06-19,1,0
2017-06-19,1,0
2017-06-19,1,0
2017-06-19,1,0
2017-06-19,1,0
2017-06-19,1,0
2017-06-19,1,0
2017-06-19,1,0
2017-06-19,1,0
2017-06-19,1,0
2017-06-19,1,0
2017-06-19,1,1
2017-06-19,1,1
2017-06-19,1,0
2017-06-19,1,0
2017-06-19,1,0
2017-06-19,1,0
2017-06-19,1,0
2017-06-20,1,0
2017-06-20,1,0
2017-06-20,1,0
2017-06-20,1,1
2017-06-20,1,0
2017-06-20,1,0
2017-06-20,1,0
2017-06-20,1,0
2017-06-20,1,0
2017-06-20,1,0
2017-06-20,1,0
2017-06-20,1,0
2017-06-20,1,0
2017-06-20,1,0
2017-06-20,1,0
2017-06-20,1,0
2017-06-20,1,0
2017-06-20,1,0
2017-06-20,1,0
2017-06-20,1,0
2017-06-20,1,0
2017-06-20,1,0
2017-06-20,1,0
2017-06-20,1,0
2017-06-20,1,1
2017-06-20,1,0
2017-06-20,1,0
2017-06-20,1,-1
2017-06-20,1,0
2017-06-20,1,0
2017-06-20,1,0
2017-06-20,1,1
2017-06-21,1,0
2017-06-21,1,0
2017-06-21,1,0
2017-06-21,1,1
2017-06-21,1,0
2017-06-21,1,0
2017-06-21,1,0
2017-06-21,1,0
2017-06-21,1,1
2017-06-21,1,0
2017-06-21,1,0
2017-06-21,1,0
2017-06-21,1,0
2017-06-21,1,0
2017-06-21,1,0
2017-06-21,1,0
2017-06-21,1,0
2017-06-21,1,0
2017-06-21,1,0
2017-06-21,1,1
2017-06-21,1,0
2017-06-21,1,0
2017-06-21,1,0
2017-06-21,1,0
2017-06-21,1,0
2017-06-21,1,0
2017-06-21,1,0
2017-06-21,1,0
2017-06-21,1,0
2017-06-21,1,1
2017-06-21,1,0
2017-06-21,1,0
2017-06-21,1,0
2017-06-21,1,0
2017-06-21,1,0
2017-06-21,1,0
2017-06-22,1,0
2017-06-22,1,0
2017-06-22,1,0
2017-06-22,1,0
2017-06-22,1,0
2017-06-22,1,0
2017-06-22,1,0
2017-06-22,1,0
2017-06-22,1,0
2017-06-22,1,0
2017-06-22,1,0
2017-06-22,1,0
2017-06-22,1,0
2017-06-22,1,0
2017-06-22,1,0
2017-06-22,1,0
2017-06-22,1,0
2017-06-22,1,0
2017-06-22,1,0
2017-06-22,1,0
2017-06-22,1,0
2017-06-22,1,0
2017-06-22,1,1
2017-06-22,1,0
2017-06-22,1,0
2017-06-22,1,0
2017-06-22,1,0
2017-06-22,1,0
2017-06-22,1,0
2017-06-22,1,0
2017-06-22,1,0
2017-06-22,1,0
2017-06-22,1,0
2017-06-22,1,0
2017-06-22,1,0
2017-06-22,1,0
2017-06-22,1,0
2017-06-22,1,0
2017-06-22,1,1
2017-06-22,1,0
2017-06-22,1,0
2017-06-22,1,0
2017-06-22,1,0
2017-06-22,1,1
2017-06-22,1,0
2017-06-22,1,0
2017-06-23,0,0
2017-06-23,0,0
2017-06-23,0,0
2017-06-23,0,0
2017-06-23,0,0
2017-06-23,0,0
2017-06-23,0,0
2017-06-23,0,0
2017-06-23,0,0
2017-06-23,0,0
2017-06-23,0,0
2017-06-23,0,0
2017-06-23,0,0
2017-06-23,0,0
2017-06-23,0,0
2017-06-23,0,0
2017-06-23,0,0
2017-06-23,0,0
2017-06-23,0,0
2017-06-23,0,0
2017-06-23,0,0
2017-06-23,0,0
2017-06-23,0,0
2017-06-26,0,0
2017-06-26,0,0
2017-06-26,0,0
2017-06-26,0,0
2017-06-26,0,0
2017-06-26,0,0
2017-06-26,0,0
2017-06-26,0,0
2017-06-26,0,0
2017-06-26,0,0
2017-06-26,0,0
2017-06-26,0,0
2017-06-26,0,0
2017-06-26,0,0
2017-06-26,0,0
2017-06-26,0,1
2017-06-26,0,0
2017-06-26,0,0
2017-06-26,0,0
2017-06-26,0,0
2017-06-26,0,0
2017-06-26,0,0
2017-06-26,0,0
2017-06-26,0,0
2017-06-26,0,0
2017-06-26,0,0
2017-06-26,0,0
2017-06-26,0,0
2017-06-26,0,0
2017-06-26,0,0
2017-06-26,0,0
2017-06-26,0,0
2017-06-26,0,0
2017-06-26,0,0
2017-06-26,0,0
2017-06-26,0,0
2017-06-26,0,0
2017-06-26,0,0
2017-06-26,0,0
2017-06-26,0,0
2017-06-26,0,0
2017-06-27,-1,0
2017-06-27,-1,0
2017-06-27,-1,0
2017-06-27,-1,0
2017-06-27,-1,0
2017-06-27,-1,1
2017-06-27,-1,0
2017-06-27,-1,0
2017-06-27,-1,0
2017-06-27,-1,0
2017-06-27,-1,0
2017-06-27,-1,0
2017-06-27,-1,0
2017-06-27,-1,0
2017-06-27,-1,0
2017-06-27,-1,0
2017-06-27,-1,0
2017-06-27,-1,0
2017-06-27,-1,0
2017-06-27,-1,1
2017-06-27,-1,0
2017-06-27,-1,0
2017-06-27,-1,0
2017-06-27,-1,0
2017-06-27,-1,0
2017-06-27,-1,0
2017-06-27,-1,0
2017-06-27,-1,0
2017-06-27,-1,0
2017-06-27,-1,0
2017-06-27,-1,0
2017-06-27,-1,0
2017-06-27,-1,0
2017-06-27,-1,0
2017-06-27,-1,0
2017-06-27,-1,0
2017-06-27,-1,0
2017-06-27,-1,0
2017-06-27,-1,0
2017-06-27,-1,0
2017-06-27,-1,0
2017-06-28,0,0
2017-06-28,0,0
2017-06-28,0,0
2017-06-28,0,0
2017-06-28,0,0
2017-06-28,0,0
2017-06-28,0,0
2017-06-28,0,0
2017-06-28,0,0
2017-06-28,0,1
2017-06-28,0,0
2017-06-28,0,0
2017-06-28,0,0
2017-06-28,0,1
2017-06-28,0,0
2017-06-28,0,0
2017-06-28,0,1
2017-06-28,0,0
2017-06-28,0,0
2017-06-28,0,0
2017-06-28,0,0
2017-06-28,0,0
2017-06-28,0,1
2017-06-28,0,0
2017-06-29,-1,0
2017-06-29,-1,-1
2017-06-29,-1,0
2017-06-29,-1,0
2017-06-29,-1,0
2017-06-29,-1,0
2017-06-29,-1,1
2017-06-29,-1,0
2017-06-29,-1,0
2017-06-29,-1,0
2017-06-29,-1,0
2017-06-29,-1,0
2017-06-29,-1,0
2017-06-29,-1,0
2017-06-29,-1,0
2017-06-29,-1,0
2017-06-29,-1,0
2017-06-29,-1,0
2017-06-29,-1,0
2017-06-29,-1,1
2017-06-29,-1,0
2017-06-29,-1,0
2017-06-29,-1,0
2017-06-29,-1,0
2017-06-29,-1,0
2017-06-29,-1,0
2017-06-29,-1,0
2017-06-29,-1,0
2017-06-29,-1,0
2017-06-29,-1,0
2017-06-29,-1,0
2017-06-29,-1,0
2017-06-29,-1,0
2017-06-29,-1,0
2017-06-29,-1,0
2017-06-29,-1,0
2017-06-29,-1,0
2017-06-29,-1,0
2017-06-29,-1,0
2017-06-29,-1,0
2017-06-29,-1,0
2017-06-29,-1,1
2017-06-29,-1,0
2017-06-29,-1,1
2017-06-29,-1,0
2017-06-29,-1,0
2017-06-29,-1,0
2017-06-30,0,0
2017-06-30,0,0
2017-06-30,0,0
2017-06-30,0,0
2017-06-30,0,-1
2017-06-30,0,0
2017-06-30,0,0
2017-06-30,0,0
2017-06-30,0,0
2017-06-30,0,0
2017-06-30,0,1
2017-06-30,0,0
2017-06-30,0,0
2017-06-30,0,0
2017-06-30,0,0
2017-06-30,0,0
2017-06-30,0,0
2017-06-30,0,0
2017-06-30,0,0
2017-06-30,0,0
2017-06-30,0,0
2017-06-30,0,0
2017-06-30,0,0
2017-06-30,0,0
2017-06-30,0,0
2017-06-30,0,0
2017-06-30,0,0
2017-06-30,0,0
2017-06-30,0,0
2017-06-30,0,0
2017-06-30,0,0
2017-06-30,0,0
2017-06-30,0,0
2017-06-30,0,1
2017-06-30,0,0
2017-06-30,0,0
2017-06-30,0,0
2017-06-30,0,1
2017-06-30,0,0
2017-06-30,0,0
2017-06-30,0,0
2017-06-30,0,0
2017-06-30,0,0
2017-06-30,0,0
2017-06-30,0,0
2017-07-03,-1,1
2017-07-03,-1,0
2017-07-03,-1,0
2017-07-03,-1,0
2017-07-03,-1,1
2017-07-03,-1,0
2017-07-03,-1,0
2017-07-03,-1,0
2017-07-03,-1,0
2017-07-03,-1,0
2017-07-03,-1,0
2017-07-03,-1,0
2017-07-03,-1,0
2017-07-03,-1,0
2017-07-03,-1,0
2017-07-03,-1,0
2017-07-03,-1,1
2017-07-03,-1,0
2017-07-05,1,0
2017-07-05,1,0
2017-07-05,1,0
2017-07-05,1,0
2017-07-05,1,0
2017-07-05,1,0
2017-07-05,1,0
2017-07-05,1,0
2017-07-05,1,0
2017-07-05,1,0
2017-07-05,1,0
2017-07-05,1,0
2017-07-05,1,0
2017-07-05,1,0
2017-07-05,1,0
2017-07-05,1,0
2017-07-05,1,0
2017-07-05,1,0
2017-07-05,1,0
2017-07-05,1,0
2017-07-05,1,0
2017-07-05,1,0
2017-07-05,1,0
2017-07-05,1,0
2017-07-05,1,0
2017-07-05,1,0
2017-07-05,1,0
2017-07-05,1,0
2017-07-05,1,0
2017-07-06,0,0
2017-07-06,0,1
2017-07-06,0,0
2017-07-06,0,0
2017-07-06,0,0
2017-07-06,0,0
2017-07-06,0,0
2017-07-06,0,0
2017-07-06,0,0
2017-07-06,0,1
2017-07-06,0,0
2017-07-06,0,0
2017-07-06,0,0
2017-07-06,0,0
2017-07-06,0,0
2017-07-06,0,0
2017-07-06,0,0
2017-07-06,0,0
2017-07-06,0,0
2017-07-06,0,0
2017-07-06,0,0
2017-07-06,0,0
2017-07-06,0,0
2017-07-07,1,0
2017-07-07,1,1
2017-07-07,1,1
2017-07-07,1,1
2017-07-07,1,0
2017-07-07,1,0
2017-07-07,1,0
2017-07-07,1,0
2017-07-07,1,0
2017-07-07,1,0
2017-07-07,1,0
2017-07-07,1,0
2017-07-07,1,1
2017-07-07,1,0
2017-07-07,1,0
2017-07-07,1,0
2017-07-07,1,0
2017-07-07,1,0
2017-07-07,1,0
2017-07-07,1,0
2017-07-07,1,0
2017-07-07,1,0
2017-07-07,1,1
2017-07-07,1,0
2017-07-07,1,0
2017-07-07,1,0
2017-07-07,1,0
2017-07-07,1,0
2017-07-07,1,0
2017-07-07,1,0
2017-07-07,1,0
2017-07-07,1,0
2017-07-07,1,0
2017-07-07,1,0
2017-07-07,1,1
2017-07-07,1,0
2017-07-07,1,0
2017-07-07,1,0
2017-07-07,1,0
2017-07-07,1,-1
2017-07-07,1,0
2017-07-07,1,0
2017-07-07,1,0
2017-07-07,1,0
2017-07-07,1,0
2017-07-07,1,0
2017-07-10,1,0
2017-07-10,1,1
2017-07-10,1,1
2017-07-10,1,0
2017-07-10,1,0
2017-07-10,1,0
2017-07-10,1,0
2017-07-10,1,0
2017-07-10,1,0
2017-07-10,1,1
2017-07-10,1,0
2017-07-10,1,0
2017-07-10,1,1
2017-07-10,1,0
2017-07-10,1,1
2017-07-10,1,0
2017-07-10,1,1
2017-07-10,1,0
2017-07-10,1,1
2017-07-10,1,0
2017-07-10,1,0
2017-07-10,1,0
2017-07-10,1,0
2017-07-10,1,0
2017-07-10,1,0
2017-07-10,1,0
2017-07-10,1,0
2017-07-10,1,1
2017-07-10,1,0
2017-07-10,1,1
2017-07-10,1,0
2017-07-11,0,0
2017-07-11,0,0
2017-07-11,0,0
2017-07-11,0,0
2017-07-11,0,0
2017-07-11,0,0
2017-07-11,0,0
2017-07-11,0,0
2017-07-11,0,0
2017-07-11,0,0
2017-07-11,0,0
2017-07-11,0,0
2017-07-11,0,0
2017-07-11,0,0
2017-07-11,0,0
2017-07-11,0,0
2017-07-11,0,1
2017-07-11,0,0
2017-07-11,0,0
2017-07-11,0,0
2017-07-11,0,0
2017-07-11,0,0
2017-07-11,0,0
2017-07-11,0,0
2017-07-11,0,0
2017-07-11,0,0
2017-07-11,0,0
2017-07-11,0,0
2017-07-11,0,0
2017-07-11,0,0
2017-07-11,0,0
2017-07-11,0,0
2017-07-11,0,0
2017-07-11,0,1
2017-07-12,1,0
2017-07-12,1,0
2017-07-12,1,1
2017-07-12,1,0
2017-07-12,1,0
2017-07-12,1,0
2017-07-12,1,1
2017-07-12,1,0
2017-07-12,1,0
2017-07-12,1,1
2017-07-12,1,0
2017-07-12,1,0
2017-07-12,1,0
2017-07-12,1,0
2017-07-12,1,0
2017-07-12,1,0
2017-07-12,1,0
2017-07-12,1,0
2017-07-12,1,0
2017-07-12,1,0
2017-07-12,1,0
2017-07-12,1,0
2017-07-12,1,-1
2017-07-12,1,0
2017-07-12,1,0
2017-07-12,1,0
2017-07-12,1,0
2017-07-12,1,0
2017-07-12,1,0
2017-07-12,1,0
2017-07-12,1,0
2017-07-12,1,0
2017-07-12,1,0
2017-07-12,1,0
2017-07-12,1,0
2017-07-12,1,1
2017-07-12,1,0
2017-07-12,1,0
2017-07-12,1,0
2017-07-12,1,0
2017-07-12,1,0
2017-07-12,1,0
2017-07-12,1,0
2017-07-12,1,0
2017-07-12,1,0
2017-07-13,-1,0
2017-07-13,-1,0
2017-07-13,-1,0
2017-07-13,-1,0
2017-07-13,-1,0
2017-07-13,-1,0
2017-07-13,-1,0
2017-07-13,-1,0
2017-07-13,-1,0
2017-07-13,-1,0
2017-07-13,-1,0
2017-07-13,-1,0
2017-07-13,-1,0
2017-07-13,-1,0
2017-07-13,-1,0
2017-07-13,-1,0
2017-07-13,-1,0
2017-07-13,-1,0
2017-07-13,-1,0
2017-07-13,-1,1
2017-07-13,-1,0
2017-07-13,-1,0
2017-07-13,-1,0
2017-07-13,-1,0
2017-07-13,-1,0
2017-07-13,-1,0
2017-07-13,-1,-1
2017-07-13,-1,0
2017-07-13,-1,0
2017-07-13,-1,0
2017-07-13,-1,0
2017-07-13,-1,0
2017-07-13,-1,0
2017-07-13,-1,0
2017-07-13,-1,0
2017-07-13,-1,0
2017-07-13,-1,0
2017-07-13,-1,0
2017-07-13,-1,0
2017-07-13,-1,0
2017-07-13,-1,0
2017-07-13,-1,0
2017-07-13,-1,0
2017-07-13,-1,0
2017-07-14,1,0
2017-07-14,1,0
2017-07-14,1,0
2017-07-14,1,0
2017-07-14,1,0
2017-07-14,1,1
2017-07-14,1,1
2017-07-14,1,0
2017-07-14,1,0
2017-07-14,1,0
2017-07-14,1,1
2017-07-14,1,0
2017-07-14,1,1
2017-07-14,1,1
2017-07-14,1,0
2017-07-14,1,0
2017-07-14,1,0
2017-07-14,1,0
2017-07-14,1,0
2017-07-14,1,0
2017-07-14,1,0
2017-07-14,1,0
2017-07-14,1,0
2017-07-14,1,1
2017-07-14,1,0
2017-07-14,1,0
2017-07-14,1,0
2017-07-14,1,0
2017-07-17,0,0
2017-07-17,0,0
2017-07-17,0,0
2017-07-17,0,0
2017-07-17,0,1
2017-07-17,0,0
2017-07-17,0,0
2017-07-17,0,0
2017-07-17,0,0
2017-07-17,0,0
2017-07-17,0,0
2017-07-17,0,0
2017-07-17,0,0
2017-07-17,0,0
2017-07-17,0,0
2017-07-17,0,0
2017-07-17,0,0
2017-07-17,0,0
2017-07-17,0,0
2017-07-17,0,0
2017-07-17,0,0
2017-07-17,0,0
2017-07-17,0,0
2017-07-17,0,0
2017-07-17,0,0
2017-07-17,0,0
2017-07-17,0,0
2017-07-17,0,0
2017-07-17,0,0
2017-07-17,0,0
2017-07-17,0,0
2017-07-17,0,0
2017-07-17,0,0
2017-07-17,0,0
2017-07-17,0,0
2017-07-17,0,1
2017-07-17,0,0
2017-07-17,0,0
2017-07-17,0,0
2017-07-17,0,0
2017-07-17,0,0
2017-07-17,0,0
2017-07-17,0,0
2017-07-17,0,0
2017-07-17,0,0
2017-07-17,0,0
2017-07-18,-1,0
2017-07-18,-1,0
2017-07-18,-1,0
2017-07-18,-1,0
2017-07-18,-1,0
2017-07-18,-1,0
2017-07-18,-1,0
2017-07-18,-1,0
2017-07-18,-1,1
2017-07-18,-1,0
2017-07-18,-1,0
2017-07-18,-1,0
2017-07-18,-1,0
2017-07-18,-1,0
2017-07-18,-1,0
2017-07-18,-1,0
2017-07-18,-1,0
2017-07-18,-1,0
2017-07-18,-1,1
2017-07-18,-1,0
2017-07-18,-1,0
2017-07-18,-1,0
2017-07-18,-1,0
2017-07-18,-1,0
2017-07-18,-1,0
2017-07-18,-1,0
2017-07-18,-1,0
2017-07-18,-1,0
2017-07-18,-1,0
2017-07-18,-1,0
2017-07-18,-1,0
2017-07-18,-1,0
2017-07-19,0,0
2017-07-19,0,0
2017-07-19,0,0
2017-07-19,0,0
2017-07-19,0,0
2017-07-19,0,0
2017-07-19,0,0
2017-07-19,0,0
2017-07-19,0,0
2017-07-19,0,1
2017-07-19,0,1
2017-07-19,0,0
2017-07-19,0,0
2017-07-19,0,0
2017-07-19,0,0
2017-07-19,0,0
2017-07-19,0,0
2017-07-19,0,0
2017-07-19,0,0
2017-07-19,0,0
2017-07-19,0,0
2017-07-19,0,0
2017-07-19,0,0
2017-07-19,0,0
2017-07-19,0,0
2017-07-19,0,0
2017-07-19,0,0
2017-07-19,0,0
2017-07-19,0,0
2017-07-19,0,0
2017-07-19,0,0
2017-07-19,0,0
2017-07-19,0,0
2017-07-19,0,0
2017-07-19,0,0
2017-07-19,0,0
2017-07-19,0,0
2017-07-19,0,0
2017-07-19,0,0
2017-07-19,0,0
2017-07-19,0,0
2017-07-19,0,0
2017-07-19,0,0
2017-07-19,0,0
2017-07-19,0,0
2017-07-19,0,0
2017-07-19,0,0
2017-07-19,0,1
2017-07-19,0,0
2017-07-19,0,0
2017-07-19,0,0
2017-07-19,0,0
2017-07-19,0,0
2017-07-19,0,0
2017-07-19,0,0
2017-07-19,0,0
2017-07-19,0,1
2017-07-19,0,0
2017-07-19,0,0
2017-07-19,0,0
2017-07-19,0,0
2017-07-19,0,0
2017-07-19,0,0
2017-07-19,0,0
2017-07-19,0,0
2017-07-19,0,0
2017-07-20,0,0
2017-07-20,0,0
2017-07-20,0,0
2017-07-20,0,0
2017-07-20,0,0
2017-07-20,0,0
2017-07-20,0,0
2017-07-20,0,0
2017-07-20,0,0
2017-07-20,0,0
2017-07-20,0,0
2017-07-20,0,0
2017-07-20,0,0
2017-07-20,0,1
2017-07-20,0,0
2017-07-20,0,0
2017-07-20,0,0
2017-07-20,0,0
2017-07-20,0,0
2017-07-20,0,0
2017-07-20,0,1
2017-07-20,0,0
2017-07-20,0,0
2017-07-20,0,0
2017-07-20,0,0
2017-07-20,0,0
2017-07-20,0,0
2017-07-20,0,0
2017-07-20,0,0
2017-07-20,0,0
2017-07-20,0,0
2017-07-20,0,0
2017-07-20,0,0
2017-07-20,0,1
2017-07-20,0,0
2017-07-20,0,0
2017-07-20,0,0
2017-07-20,0,1
2017-07-20,0,0
2017-07-20,0,0
2017-07-20,0,0
2017-07-20,0,0
2017-07-21,0,1
2017-07-21,0,0
2017-07-21,0,0
2017-07-21,0,0
2017-07-21,0,0
2017-07-21,0,0
2017-07-21,0,0
2017-07-21,0,0
2017-07-21,0,0
2017-07-21,0,0
2017-07-21,0,0
2017-07-21,0,1
2017-07-21,0,0
2017-07-21,0,0
2017-07-21,0,0
2017-07-21,0,0
2017-07-21,0,0
2017-07-21,0,1
2017-07-21,0,0
2017-07-21,0,0
2017-07-21,0,0
2017-07-21,0,0
2017-07-21,0,1
2017-07-21,0,0
2017-07-21,0,0
2017-07-21,0,0
2017-07-21,0,0
2017-07-21,0,0
2017-07-21,0,0
2017-07-21,0,0
2017-07-21,0,0
2017-07-21,0,0
2017-07-21,0,0
2017-07-24,1,0
2017-07-24,1,0
2017-07-24,1,1
2017-07-24,1,1
2017-07-24,1,0
2017-07-24,1,0
2017-07-24,1,0
2017-07-24,1,0
2017-07-24,1,0
2017-07-24,1,1
2017-07-24,1,0
2017-07-24,1,0
2017-07-24,1,0
2017-07-24,1,0
2017-07-24,1,0
2017-07-24,1,0
2017-07-24,1,0
2017-07-24,1,0
2017-07-24,1,0
2017-07-24,1,0
2017-07-24,1,0
2017-07-24,1,0
2017-07-24,1,0
2017-07-24,1,0
2017-07-24,1,0
2017-07-24,1,1
2017-07-24,1,0
2017-07-24,1,0
2017-07-24,1,0
2017-07-24,1,0
2017-07-24,1,0
2017-07-24,1,0
2017-07-24,1,0
2017-07-24,1,0
2017-07-24,1,0
2017-07-24,1,0
2017-07-24,1,0
2017-07-24,1,1
2017-07-24,1,0
2017-07-24,1,0
2017-07-24,1,0
2017-07-24,1,0
2017-07-24,1,0
2017-07-24,1,0
2017-07-24,1,0
2017-07-24,1,0
2017-07-25,0,0
2017-07-25,0,0
2017-07-25,0,0
2017-07-25,0,0
2017-07-25,0,0
2017-07-25,0,0
2017-07-25,0,0
2017-07-25,0,0
2017-07-25,0,0
2017-07-25,0,0
2017-07-25,0,0
2017-07-25,0,0
2017-07-25,0,0
2017-07-25,0,0
2017-07-25,0,0
2017-07-25,0,0
2017-07-25,0,0
2017-07-25,0,0
2017-07-25,0,0
2017-07-25,0,0
2017-07-25,0,0
2017-07-25,0,0
2017-07-25,0,0
2017-07-25,0,0
2017-07-25,0,0
2017-07-25,0,1
2017-07-25,0,0
2017-07-25,0,0
2017-07-25,0,0
2017-07-25,0,0
2017-07-25,0,1
2017-07-25,0,0
2017-07-25,0,0
2017-07-25,0,1
2017-07-25,0,0
2017-07-25,0,0
2017-07-25,0,1
2017-07-25,0,0
2017-07-25,0,0
2017-07-25,0,0
2017-07-25,0,0
2017-07-25,0,0
2017-07-25,0,0
2017-07-25,0,0
2017-07-25,0,0
2017-07-25,0,1
2017-07-26,1,0
2017-07-26,1,0
2017-07-26,1,0
2017-07-26,1,0
2017-07-26,1,0
2017-07-26,1,0
2017-07-26,1,0
2017-07-26,1,0
2017-07-26,1,0
2017-07-26,1,0
2017-07-26,1,0
2017-07-26,1,0
2017-07-26,1,1
2017-07-26,1,0
2017-07-26,1,0
2017-07-26,1,1
2017-07-26,1,1
2017-07-26,1,0
2017-07-26,1,0
2017-07-26,1,1
2017-07-26,1,0
2017-07-26,1,0
2017-07-26,1,0
2017-07-26,1,0
2017-07-26,1,0
2017-07-26,1,0
2017-07-26,1,0
2017-07-26,1,0
2017-07-26,1,0
2017-07-26,1,0
2017-07-26,1,0
2017-07-26,1,-1
2017-07-26,1,0
2017-07-26,1,0
2017-07-26,1,0
2017-07-26,1,1
2017-07-26,1,0
2017-07-26,1,0
2017-07-26,1,0
2017-07-26,1,0
2017-07-26,1,0
2017-07-26,1,0
2017-07-26,1,0
2017-07-26,1,0
2017-07-26,1,0
2017-07-26,1,0
2017-07-26,1,-1
2017-07-26,1,0
2017-07-26,1,0
2017-07-26,1,0
2017-07-26,1,0
2017-07-26,1,0
2017-07-26,1,0
2017-07-26,1,0
2017-07-26,1,0
2017-07-26,1,0
2017-07-26,1,1
2017-07-26,1,0
2017-07-26,1,0
2017-07-26,1,0
2017-07-26,1,0
2017-07-26,1,0
2017-07-27,-1,0
2017-07-27,-1,0
2017-07-27,-1,0
2017-07-27,-1,0
2017-07-27,-1,-1
2017-07-27,-1,0
2017-07-27,-1,0
2017-07-27,-1,0
2017-07-27,-1,0
2017-07-27,-1,0
2017-07-27,-1,0
2017-07-27,-1,0
2017-07-27,-1,1
2017-07-27,-1,0
2017-07-27,-1,0
2017-07-27,-1,0
2017-07-27,-1,0
2017-07-27,-1,0
2017-07-27,-1,0
2017-07-27,-1,0
2017-07-27,-1,0
2017-07-27,-1,0
2017-07-27,-1,0
2017-07-27,-1,0
2017-07-27,-1,1
2017-07-27,-1,0
2017-07-27,-1,0
2017-07-27,-1,0
2017-07-27,-1,1
2017-07-27,-1,0
2017-07-27,-1,0
2017-07-27,-1,0
2017-07-27,-1,0
2017-07-27,-1,0
2017-07-27,-1,0
2017-07-27,-1,0
2017-07-27,-1,0
2017-07-27,-1,0
2017-07-27,-1,0
2017-07-27,-1,0
2017-07-27,-1,0
2017-07-27,-1,0
2017-07-27,-1,0
2017-07-27,-1,0
2017-07-27,-1,0
2017-07-27,-1,0
2017-07-27,-1,0
2017-07-27,-1,0
2017-07-27,-1,0
2017-07-27,-1,0
2017-07-27,-1,0
2017-07-27,-1,0
2017-07-27,-1,0
2017-07-27,-1,0
2017-07-27,-1,0
2017-07-28,0,0
2017-07-28,0,0
2017-07-28,0,0
2017-07-28,0,1
2017-07-28,0,0
2017-07-28,0,0
2017-07-28,0,0
2017-07-28,0,1
2017-07-28,0,0
2017-07-28,0,0
2017-07-28,0,1
2017-07-28,0,0
2017-07-28,0,0
2017-07-28,0,0
2017-07-28,0,0
2017-07-28,0,0
2017-07-28,0,0
2017-07-28,0,0
2017-07-28,0,0
2017-07-28,0,1
2017-07-28,0,1
2017-07-28,0,0
2017-07-28,0,0
2017-07-28,0,0
2017-07-28,0,1
2017-07-28,0,0
2017-07-28,0,0
2017-07-28,0,0
2017-07-28,0,0
2017-07-28,0,0
2017-07-28,0,0
2017-07-28,0,0
2017-07-28,0,0
2017-07-31,-1,0
2017-07-31,-1,0
2017-07-31,-1,0
2017-07-31,-1,0
2017-07-31,-1,0
2017-07-31,-1,0
2017-07-31,-1,0
2017-07-31,-1,0
2017-07-31,-1,0
2017-07-31,-1,0
2017-07-31,-1,1
2017-07-31,-1,0
2017-07-31,-1,0
2017-07-31,-1,0
2017-07-31,-1,0
2017-07-31,-1,0
2017-07-31,-1,0
2017-07-31,-1,0
2017-07-31,-1,0
2017-07-31,-1,0
2017-07-31,-1,0
2017-07-31,-1,0
2017-07-31,-1,0
2017-07-31,-1,1
2017-07-31,-1,0
2017-07-31,-1,0
2017-07-31,-1,1
2017-07-31,-1,0
2017-07-31,-1,0
2017-07-31,-1,0
2017-07-31,-1,0
2017-07-31,-1,0
2017-07-31,-1,0
2017-07-31,-1,0
2017-07-31,-1,0
2017-07-31,-1,0
2017-07-31,-1,0
2017-07-31,-1,0
2017-07-31,-1,0
2017-07-31,-1,0
2017-07-31,-1,0
2017-07-31,-1,0
2017-07-31,-1,0
2017-07-31,-1,0
2017-07-31,-1,0
2017-07-31,-1,0
2017-07-31,-1,0
2017-07-31,-1,0
2017-07-31,-1,0
2017-07-31,-1,0
2017-07-31,-1,0
2017-07-31,-1,0
2017-07-31,-1,0
2017-07-31,-1,0
2017-07-31,-1,1
2017-07-31,-1,1
2017-07-31,-1,0
2017-07-31,-1,0
2017-07-31,-1,0
2017-07-31,-1,0
2017-07-31,-1,0
2017-07-31,-1,0
2017-07-31,-1,0
2017-07-31,-1,0
2017-07-31,-1,0
2017-07-31,-1,0
2017-07-31,-1,0
2017-07-31,-1,0
2017-07-31,-1,1
2017-07-31,-1,0
2017-07-31,-1,0
2017-07-31,-1,0
2017-08-01,0,0
2017-08-01,0,0
2017-08-01,0,0
2017-08-01,0,0
2017-08-01,0,0
2017-08-01,0,0
2017-08-01,0,0
2017-08-01,0,0
2017-08-01,0,0
2017-08-01,0,0
2017-08-01,0,0
2017-08-01,0,0
2017-08-01,0,0
2017-08-01,0,0
2017-08-01,0,0
2017-08-01,0,0
2017-08-01,0,0
2017-08-01,0,0
2017-08-01,0,0
2017-08-01,0,0
2017-08-01,0,1
2017-08-01,0,0
2017-08-01,0,0
2017-08-01,0,0
2017-08-01,0,0
2017-08-01,0,1
2017-08-01,0,0
2017-08-01,0,0
2017-08-01,0,0
2017-08-01,0,0
2017-08-01,0,0
2017-08-01,0,0
2017-08-01,0,0
2017-08-01,0,0
2017-08-01,0,0
2017-08-01,0,0
2017-08-01,0,0
2017-08-01,0,0
2017-08-01,0,0
2017-08-01,0,0
2017-08-01,0,1
2017-08-01,0,0
2017-08-01,0,0
2017-08-01,0,0
2017-08-01,0,0
2017-08-01,0,1
2017-08-01,0,0
2017-08-01,0,0
2017-08-01,0,0
2017-08-01,0,0
2017-08-01,0,0
2017-08-01,0,0
2017-08-01,0,0
2017-08-01,0,0
2017-08-01,0,0
2017-08-01,0,0
2017-08-01,0,1
2017-08-01,0,0
2017-08-01,0,0
2017-08-01,0,0
2017-08-01,0,0
2017-08-01,0,0
2017-08-01,0,0
2017-08-01,0,0
2017-08-01,0,0
2017-08-01,0,0
2017-08-01,0,0
2017-08-01,0,0
2017-08-01,0,0
2017-08-01,0,0
2017-08-01,0,0
2017-08-01,0,0
2017-08-01,0,0
2017-08-01,0,0
2017-08-01,0,0
2017-08-01,0,0
2017-08-01,0,0
2017-08-01,0,0
2017-08-01,0,1
2017-08-01,0,0
2017-08-01,0,0
2017-08-01,0,1
2017-08-01,0,0
2017-08-01,0,0
2017-08-01,0,1
2017-08-01,0,0
2017-08-01,0,0
2017-08-01,0,0
2017-08-01,0,0
2017-08-01,0,1
2017-08-01,0,0
2017-08-02,-1,0
2017-08-02,-1,0
2017-08-02,-1,0
2017-08-02,-1,0
2017-08-02,-1,0
2017-08-02,-1,0
2017-08-02,-1,0
2017-08-02,-1,0
2017-08-02,-1,0
2017-08-02,-1,0
2017-08-02,-1,0
2017-08-02,-1,0
2017-08-02,-1,0
2017-08-02,-1,0
2017-08-02,-1,0
2017-08-02,-1,0
2017-08-02,-1,0
2017-08-02,-1,0
2017-08-02,-1,1
2017-08-02,-1,0
2017-08-02,-1,1
2017-08-02,-1,0
2017-08-02,-1,0
2017-08-02,-1,0
2017-08-02,-1,1
2017-08-02,-1,0
2017-08-02,-1,1
2017-08-02,-1,0
2017-08-02,-1,0
2017-08-02,-1,1
2017-08-02,-1,0
2017-08-02,-1,1
2017-08-02,-1,0
2017-08-02,-1,0
2017-08-02,-1,0
2017-08-02,-1,0
2017-08-02,-1,0
2017-08-02,-1,0
2017-08-02,-1,1
2017-08-02,-1,0
2017-08-02,-1,0
2017-08-02,-1,0
2017-08-02,-1,0
2017-08-02,-1,0
2017-08-02,-1,0
2017-08-02,-1,0
2017-08-02,-1,0
2017-08-02,-1,0
2017-08-02,-1,0
2017-08-02,-1,0
2017-08-02,-1,0
2017-08-02,-1,0
2017-08-02,-1,0
2017-08-02,-1,0
2017-08-02,-1,0
2017-08-02,-1,1
2017-08-02,-1,0
2017-08-02,-1,0
2017-08-02,-1,0
2017-08-02,-1,0
2017-08-02,-1,0
2017-08-02,-1,0
2017-08-02,-1,0
2017-08-02,-1,0
2017-08-02,-1,0
2017-08-02,-1,0
2017-08-02,-1,1
2017-08-02,-1,0
2017-08-02,-1,1
2017-08-02,-1,0
2017-08-02,-1,0
2017-08-02,-1,0
2017-08-02,-1,0
2017-08-02,-1,0
2017-08-02,-1,0
2017-08-02,-1,0
2017-08-02,-1,0
2017-08-02,-1,0
2017-08-02,-1,0
2017-08-02,-1,1
2017-08-02,-1,0
2017-08-02,-1,0
2017-08-02,-1,0
2017-08-02,-1,0
2017-08-02,-1,0
2017-08-02,-1,0
2017-08-02,-1,1
2017-08-02,-1,0
2017-08-02,-1,1
2017-08-02,-1,0
2017-08-02,-1,0
2017-08-02,-1,0
2017-08-02,-1,0
2017-08-02,-1,0
2017-08-02,-1,0
2017-08-02,-1,0
2017-08-02,-1,0
2017-08-02,-1,0
2017-08-02,-1,0
2017-08-02,-1,0
2017-08-02,-1,0
2017-08-02,-1,0
2017-08-02,-1,0
2017-08-02,-1,0
2017-08-02,-1,0
2017-08-02,-1,1
2017-08-02,-1,0
2017-08-02,-1,0
2017-08-02,-1,0
2017-08-02,-1,0
2017-08-02,-1,0
2017-08-02,-1,1
2017-08-02,-1,0
2017-08-02,-1,0
2017-08-02,-1,0
2017-08-02,-1,0
2017-08-02,-1,0
2017-08-02,-1,0
2017-08-02,-1,0
2017-08-02,-1,0
2017-08-02,-1,0
2017-08-02,-1,0
2017-08-02,-1,0
2017-08-02,-1,0
2017-08-02,-1,0
2017-08-02,-1,1
2017-08-02,-1,1
2017-08-02,-1,0
2017-08-02,-1,0
2017-08-02,-1,0
2017-08-02,-1,0
2017-08-02,-1,0
2017-08-02,-1,0
2017-08-02,-1,1
2017-08-03,0,1
2017-08-03,0,0
2017-08-03,0,0
2017-08-03,0,0
2017-08-03,0,0
2017-08-03,0,0
2017-08-03,0,0
2017-08-03,0,0
2017-08-03,0,0
2017-08-03,0,0
2017-08-03,0,1
2017-08-03,0,0
2017-08-03,0,0
2017-08-03,0,1
2017-08-03,0,0
2017-08-03,0,0
2017-08-03,0,0
2017-08-03,0,0
2017-08-03,0,0
2017-08-03,0,0
2017-08-03,0,0
2017-08-03,0,0
2017-08-03,0,0
2017-08-03,0,0
2017-08-03,0,0
2017-08-03,0,1
2017-08-03,0,0
2017-08-03,0,0
2017-08-03,0,0
2017-08-03,0,0
2017-08-03,0,0
2017-08-03,0,0
2017-08-03,0,0
2017-08-03,0,0
2017-08-03,0,0
2017-08-03,0,0
2017-08-03,0,0
2017-08-03,0,0
2017-08-03,0,0
2017-08-03,0,0
2017-08-04,0,0
2017-08-04,0,0
2017-08-04,0,0
2017-08-04,0,0
2017-08-04,0,0
2017-08-04,0,0
2017-08-04,0,0
2017-08-04,0,0
2017-08-04,0,0
2017-08-04,0,0
2017-08-04,0,0
2017-08-04,0,0
2017-08-04,0,0
2017-08-04,0,0
2017-08-04,0,0
2017-08-04,0,0
2017-08-04,0,0
2017-08-04,0,0
2017-08-04,0,0
2017-08-04,0,0
2017-08-04,0,0
2017-08-04,0,0
2017-08-04,0,0
2017-08-04,0,0
2017-08-04,0,0
2017-08-04,0,0
2017-08-04,0,0
2017-08-04,0,0
2017-08-04,0,0
2017-08-04,0,0
2017-08-07,1,0
2017-08-07,1,0
2017-08-07,1,0
2017-08-07,1,0
2017-08-07,1,1
2017-08-07,1,0
2017-08-07,1,0
2017-08-07,1,0
2017-08-07,1,1
2017-08-07,1,0
2017-08-07,1,0
2017-08-07,1,0
2017-08-07,1,0
2017-08-07,1,0
2017-08-07,1,1
2017-08-07,1,0
2017-08-07,1,0
2017-08-07,1,0
2017-08-07,1,0
2017-08-07,1,0
2017-08-07,1,0
2017-08-07,1,0
2017-08-07,1,0
2017-08-07,1,0
2017-08-07,1,0
2017-08-07,1,0
2017-08-07,1,0
2017-08-07,1,0
2017-08-07,1,0
2017-08-07,1,0
2017-08-07,1,0
2017-08-07,1,0
2017-08-07,1,0
2017-08-07,1,0
2017-08-07,1,0
2017-08-07,1,0
2017-08-07,1,0
2017-08-07,1,0
2017-08-07,1,0
2017-08-07,1,0
2017-08-07,1,0
2017-08-07,1,1
2017-08-07,1,1
2017-08-07,1,1
2017-08-07,1,1
2017-08-07,1,0
2017-08-07,1,0
2017-08-07,1,0
2017-08-07,1,0
2017-08-07,1,0
2017-08-07,1,0
2017-08-07,1,0
2017-08-07,1,0
2017-08-07,1,0
2017-08-07,1,0
2017-08-07,1,0
2017-08-07,1,1
2017-08-07,1,0
2017-08-07,1,0
2017-08-07,1,0
2017-08-07,1,0
2017-08-07,1,0
2017-08-07,1,0
2017-08-07,1,0
2017-08-08,-1,0
2017-08-08,-1,0
2017-08-08,-1,0
2017-08-08,-1,0
2017-08-08,-1,0
2017-08-08,-1,0
2017-08-08,-1,0
2017-08-08,-1,0
2017-08-08,-1,0
2017-08-08,-1,0
2017-08-08,-1,0
2017-08-08,-1,0
2017-08-08,-1,0
2017-08-08,-1,0
2017-08-08,-1,0
2017-08-08,-1,0
2017-08-08,-1,0
2017-08-08,-1,0
2017-08-08,-1,0
2017-08-08,-1,0
2017-08-08,-1,0
2017-08-08,-1,0
2017-08-08,-1,1
2017-08-08,-1,0
2017-08-08,-1,0
2017-08-08,-1,0
2017-08-08,-1,0
2017-08-08,-1,0
2017-08-08,-1,0
2017-08-08,-1,0
2017-08-08,-1,0
2017-08-08,-1,0
2017-08-08,-1,0
2017-08-08,-1,0
2017-08-08,-1,0
2017-08-08,-1,0
2017-08-08,-1,0
2017-08-08,-1,0
2017-08-08,-1,0
2017-08-08,-1,0
2017-08-09,-1,0
2017-08-09,-1,0
2017-08-09,-1,0
2017-08-09,-1,0
2017-08-09,-1,1
2017-08-09,-1,0
2017-08-09,-1,0
2017-08-09,-1,0
2017-08-09,-1,0
2017-08-09,-1,0
2017-08-09,-1,0
2017-08-09,-1,0
2017-08-09,-1,0
2017-08-09,-1,0
2017-08-09,-1,1
2017-08-09,-1,0
2017-08-09,-1,0
2017-08-09,-1,0
2017-08-09,-1,0
2017-08-09,-1,0
2017-08-09,-1,0
2017-08-09,-1,0
2017-08-09,-1,0
2017-08-09,-1,0
2017-08-09,-1,0
2017-08-09,-1,0
2017-08-09,-1,0
2017-08-09,-1,0
2017-08-09,-1,0
2017-08-09,-1,0
2017-08-09,-1,0
2017-08-09,-1,0
2017-08-09,-1,1
2017-08-09,-1,0
2017-08-10,-1,0
2017-08-10,-1,0
2017-08-10,-1,0
2017-08-10,-1,0
2017-08-10,-1,0
2017-08-10,-1,0
2017-08-10,-1,1
2017-08-10,-1,0
2017-08-10,-1,0
2017-08-10,-1,0
2017-08-10,-1,0
2017-08-10,-1,0
2017-08-10,-1,0
2017-08-10,-1,0
2017-08-10,-1,0
2017-08-10,-1,0
2017-08-10,-1,0
2017-08-10,-1,0
2017-08-10,-1,0
2017-08-10,-1,0
2017-08-10,-1,0
2017-08-10,-1,1
2017-08-10,-1,0
2017-08-10,-1,0
2017-08-10,-1,0
2017-08-10,-1,0
2017-08-10,-1,0
2017-08-10,-1,0
2017-08-10,-1,0
2017-08-10,-1,0
2017-08-10,-1,1
2017-08-10,-1,0
2017-08-10,-1,0
2017-08-10,-1,1
2017-08-10,-1,1
2017-08-11,0,0
2017-08-11,0,0
2017-08-11,0,0
2017-08-11,0,0
2017-08-11,0,0
2017-08-11,0,1
2017-08-11,0,0
2017-08-11,0,0
2017-08-11,0,0
2017-08-11,0,0
2017-08-11,0,0
2017-08-11,0,0
2017-08-11,0,0
2017-08-11,0,0
2017-08-11,0,0
2017-08-11,0,0
2017-08-11,0,0
2017-08-11,0,0
2017-08-11,0,0
2017-08-11,0,0
2017-08-11,0,0
2017-08-11,0,1
2017-08-11,0,0
2017-08-11,0,0
2017-08-11,0,0
2017-08-11,0,1
2017-08-14,1,0
2017-08-14,1,0
2017-08-14,1,0
2017-08-14,1,0
2017-08-14,1,1
2017-08-14,1,0
2017-08-14,1,0
2017-08-14,1,0
2017-08-14,1,0
2017-08-14,1,0
2017-08-14,1,0
2017-08-14,1,0
2017-08-14,1,0
2017-08-14,1,0
2017-08-14,1,0
2017-08-14,1,1
2017-08-14,1,0
2017-08-14,1,0
2017-08-14,1,0
2017-08-14,1,1
2017-08-14,1,0
2017-08-14,1,0
2017-08-14,1,0
2017-08-14,1,1
2017-08-14,1,0
2017-08-14,1,0
2017-08-14,1,0
2017-08-14,1,0
2017-08-14,1,1
2017-08-14,1,0
2017-08-14,1,0
2017-08-14,1,0
2017-08-14,1,0
2017-08-14,1,0
2017-08-14,1,0
2017-08-14,1,0
2017-08-14,1,0
2017-08-14,1,0
2017-08-14,1,0
2017-08-14,1,0
2017-08-14,1,0
2017-08-14,1,0
2017-08-14,1,0
2017-08-14,1,0
2017-08-14,1,0
2017-08-14,1,0
2017-08-14,1,0
2017-08-15,1,0
2017-08-15,1,0
2017-08-15,1,0
2017-08-15,1,0
2017-08-15,1,0
2017-08-15,1,0
2017-08-15,1,0
2017-08-15,1,1
2017-08-15,1,0
2017-08-15,1,0
2017-08-15,1,0
2017-08-15,1,0
2017-08-15,1,0
2017-08-15,1,0
2017-08-15,1,0
2017-08-15,1,0
2017-08-15,1,0
2017-08-15,1,0
2017-08-15,1,0
2017-08-15,1,0
2017-08-15,1,0
2017-08-15,1,0
2017-08-15,1,0
2017-08-16,-1,0
2017-08-16,-1,0
2017-08-16,-1,0
2017-08-16,-1,0
2017-08-16,-1,0
2017-08-16,-1,0
2017-08-16,-1,0
2017-08-16,-1,0
2017-08-16,-1,0
2017-08-16,-1,0
2017-08-16,-1,0
2017-08-16,-1,0
2017-08-16,-1,1
2017-08-16,-1,0
2017-08-16,-1,0
2017-08-16,-1,0
2017-08-16,-1,0
2017-08-16,-1,0
2017-08-16,-1,0
2017-08-16,-1,0
2017-08-16,-1,0
2017-08-16,-1,0
2017-08-16,-1,0
2017-08-16,-1,0
2017-08-16,-1,0
2017-08-16,-1,0
2017-08-16,-1,0
2017-08-16,-1,0
2017-08-16,-1,0
2017-08-16,-1,0
2017-08-16,-1,0
2017-08-16,-1,0
2017-08-16,-1,0
2017-08-16,-1,0
2017-08-16,-1,0
2017-08-16,-1,0
2017-08-17,-1,0
2017-08-17,-1,0
2017-08-17,-1,0
2017-08-17,-1,0
2017-08-17,-1,-1
2017-08-17,-1,0
2017-08-17,-1,0
2017-08-17,-1,0
2017-08-17,-1,0
2017-08-17,-1,0
2017-08-17,-1,0
2017-08-17,-1,0
2017-08-17,-1,0
2017-08-17,-1,0
2017-08-17,-1,0
2017-08-17,-1,0
2017-08-17,-1,0
2017-08-17,-1,0
2017-08-17,-1,0
2017-08-17,-1,1
2017-08-17,-1,0
2017-08-17,-1,0
2017-08-17,-1,0
2017-08-17,-1,0
2017-08-17,-1,0
2017-08-17,-1,1
2017-08-17,-1,0
2017-08-17,-1,0
2017-08-17,-1,0
2017-08-17,-1,0
2017-08-17,-1,0
2017-08-17,-1,0
2017-08-17,-1,0
2017-08-17,-1,0
2017-08-17,-1,1
2017-08-17,-1,0
2017-08-17,-1,0
2017-08-17,-1,0
2017-08-17,-1,0
2017-08-17,-1,0
2017-08-17,-1,0
2017-08-18,0,0
2017-08-18,0,0
2017-08-18,0,0
2017-08-18,0,0
2017-08-18,0,0
2017-08-18,0,1
2017-08-18,0,0
2017-08-18,0,0
2017-08-18,0,0
2017-08-18,0,0
2017-08-18,0,0
2017-08-18,0,0
2017-08-18,0,0
2017-08-18,0,0
2017-08-18,0,0
2017-08-18,0,1
2017-08-18,0,0
2017-08-18,0,0
2017-08-18,0,0
2017-08-18,0,1
2017-08-18,0,1
2017-08-18,0,0
2017-08-18,0,0
2017-08-18,0,0
2017-08-21,-1,0
2017-08-21,-1,0
2017-08-21,-1,0
2017-08-21,-1,0
2017-08-21,-1,0
2017-08-21,-1,0
2017-08-21,-1,0
2017-08-21,-1,0
2017-08-21,-1,0
2017-08-21,-1,0
2017-08-21,-1,0
2017-08-21,-1,1
2017-08-21,-1,0
2017-08-21,-1,0
2017-08-21,-1,0
2017-08-21,-1,0
2017-08-21,-1,0
2017-08-21,-1,0
2017-08-21,-1,1
2017-08-21,-1,0
2017-08-21,-1,0
2017-08-21,-1,0
2017-08-21,-1,0
2017-08-21,-1,0
2017-08-21,-1,0
2017-08-21,-1,0
2017-08-21,-1,0
2017-08-21,-1,0
2017-08-21,-1,0
2017-08-21,-1,0
2017-08-21,-1,0
2017-08-21,-1,0
2017-08-21,-1,0
2017-08-21,-1,0
2017-08-21,-1,0
2017-08-21,-1,0
2017-08-21,-1,0
2017-08-21,-1,0
2017-08-22,0,0
2017-08-22,0,0
2017-08-22,0,0
2017-08-22,0,0
2017-08-22,0,0
2017-08-22,0,0
2017-08-22,0,0
2017-08-22,0,0
2017-08-22,0,0
2017-08-22,0,0
2017-08-22,0,0
2017-08-22,0,0
2017-08-22,0,0
2017-08-22,0,0
2017-08-22,0,0
2017-08-22,0,0
2017-08-22,0,0
2017-08-22,0,0
2017-08-22,0,0
2017-08-22,0,1
2017-08-22,0,0
2017-08-22,0,0
2017-08-22,0,0
2017-08-22,0,0
2017-08-22,0,0
2017-08-22,0,0
2017-08-22,0,0
2017-08-22,0,0
2017-08-22,0,0
2017-08-22,0,0
2017-08-22,0,0
2017-08-22,0,0
2017-08-22,0,0
2017-08-22,0,0
2017-08-22,0,0
2017-08-22,0,0
2017-08-23,1,0
2017-08-23,1,1
2017-08-23,1,0
2017-08-23,1,0
2017-08-23,1,0
2017-08-23,1,0
2017-08-23,1,0
2017-08-23,1,0
2017-08-23,1,0
2017-08-23,1,0
2017-08-23,1,0
2017-08-23,1,0
2017-08-23,1,0
2017-08-23,1,0
2017-08-23,1,0
2017-08-23,1,0
2017-08-23,1,0
2017-08-23,1,0
2017-08-23,1,0
2017-08-23,1,0
2017-08-23,1,0
2017-08-23,1,0
2017-08-23,1,1
2017-08-23,1,0
2017-08-23,1,0
2017-08-23,1,0
2017-08-23,1,0
2017-08-23,1,1
2017-08-23,1,0
2017-08-23,1,0
2017-08-23,1,0
2017-08-23,1,1
2017-08-23,1,0
2017-08-23,1,0
2017-08-23,1,0
2017-08-23,1,0
2017-08-23,1,0
2017-08-23,1,0
2017-08-23,1,0
2017-08-23,1,0
2017-08-23,1,0
2017-08-23,1,1
2017-08-23,1,0
2017-08-24,0,0
2017-08-24,0,0
2017-08-24,0,0
2017-08-24,0,0
2017-08-24,0,0
2017-08-24,0,0
2017-08-24,0,1
2017-08-24,0,0
2017-08-24,0,0
2017-08-24,0,0
2017-08-24,0,0
2017-08-24,0,-1
2017-08-24,0,0
2017-08-24,0,0
2017-08-24,0,0
2017-08-24,0,0
2017-08-24,0,0
2017-08-24,0,0
2017-08-24,0,0
2017-08-24,0,0
2017-08-24,0,0
2017-08-24,0,0
2017-08-24,0,0
2017-08-24,0,1
2017-08-24,0,0
2017-08-24,0,0
2017-08-24,0,0
2017-08-24,0,0
2017-08-24,0,0
2017-08-24,0,0
2017-08-24,0,0
2017-08-24,0,0
2017-08-24,0,0
2017-08-24,0,0
2017-08-25,0,0
2017-08-25,0,0
2017-08-25,0,0
2017-08-25,0,0
2017-08-25,0,0
2017-08-25,0,1
2017-08-25,0,0
2017-08-25,0,0
2017-08-25,0,0
2017-08-25,0,0
2017-08-25,0,0
2017-08-25,0,0
2017-08-25,0,0
2017-08-25,0,0
2017-08-25,0,0
2017-08-25,0,0
2017-08-25,0,0
2017-08-25,0,0
2017-08-25,0,0
2017-08-25,0,0
2017-08-25,0,0
2017-08-25,0,0
2017-08-25,0,0
2017-08-25,0,0
2017-08-25,0,0
2017-08-25,0,0
2017-08-25,0,0
2017-08-25,0,0
2017-08-25,0,0
2017-08-25,0,0
2017-08-25,0,1
2017-08-25,0,0
2017-08-25,0,1
2017-08-28,0,0
2017-08-28,0,0
2017-08-28,0,0
2017-08-28,0,1
2017-08-28,0,0
2017-08-28,0,0
2017-08-28,0,0
2017-08-28,0,0
2017-08-28,0,0
2017-08-28,0,0
2017-08-28,0,0
2017-08-28,0,0
2017-08-28,0,0
2017-08-28,0,0
2017-08-28,0,0
2017-08-28,0,0
2017-08-28,0,0
2017-08-28,0,0
2017-08-28,0,0
2017-08-28,0,0
2017-08-28,0,0
2017-08-28,0,0
2017-08-28,0,0
2017-08-28,0,0
2017-08-28,0,0
2017-08-28,0,0
2017-08-28,0,0
2017-08-28,0,0
2017-08-28,0,0
2017-08-28,0,0
2017-08-28,0,0
2017-08-28,0,0
2017-08-28,0,1
2017-08-28,0,1
2017-08-28,0,0
2017-08-28,0,0
2017-08-28,0,0
2017-08-28,0,0
2017-08-28,0,0
2017-08-28,0,0
2017-08-28,0,0
2017-08-28,0,0
2017-08-28,0,0
2017-08-28,0,0
2017-08-28,0,0
2017-08-28,0,0
2017-08-28,0,0
2017-08-28,0,0
2017-08-29,0,0
2017-08-29,0,0
2017-08-29,0,0
2017-08-29,0,0
2017-08-29,0,0
2017-08-29,0,0
2017-08-29,0,0
2017-08-29,0,0
2017-08-29,0,0
2017-08-29,0,0
2017-08-29,0,0
2017-08-29,0,0
2017-08-29,0,0
2017-08-29,0,0
2017-08-29,0,0
2017-08-29,0,0
2017-08-29,0,0
2017-08-29,0,0
2017-08-29,0,0
2017-08-29,0,0
2017-08-29,0,0
2017-08-29,0,0
2017-08-29,0,0
2017-08-29,0,0
2017-08-29,0,0
2017-08-29,0,0
2017-08-29,0,0
2017-08-29,0,0
2017-08-29,0,0
2017-08-29,0,0
2017-08-29,0,0
2017-08-29,0,0
2017-08-29,0,0
2017-08-29,0,0
2017-08-29,0,0
2017-08-29,0,0
2017-08-29,0,0
2017-08-29,0,0
2017-08-29,0,0
2017-08-29,0,0
2017-08-29,0,0
2017-08-29,0,0
2017-08-29,0,0
2017-08-29,0,0
2017-08-29,0,0
2017-08-29,0,0
2017-08-30,1,0
2017-08-30,1,0
2017-08-30,1,0
2017-08-30,1,0
2017-08-30,1,1
2017-08-30,1,0
2017-08-30,1,0
2017-08-30,1,0
2017-08-30,1,0
2017-08-30,1,0
2017-08-30,1,0
2017-08-30,1,0
2017-08-30,1,0
2017-08-30,1,0
2017-08-30,1,0
2017-08-30,1,1
2017-08-30,1,0
2017-08-30,1,0
2017-08-30,1,0
2017-08-30,1,0
2017-08-30,1,0
2017-08-30,1,0
2017-08-30,1,0
2017-08-30,1,0
2017-08-30,1,0
2017-08-30,1,0
2017-08-30,1,0
2017-08-30,1,0
2017-08-30,1,0
2017-08-30,1,0
2017-08-30,1,-1
2017-08-30,1,0
2017-08-30,1,0
2017-08-30,1,1
2017-08-30,1,0
2017-08-30,1,0
2017-08-30,1,0
2017-08-30,1,0
2017-08-30,1,0
2017-08-30,1,0
2017-08-30,1,0
2017-08-30,1,0
2017-08-30,1,0
2017-08-30,1,0
2017-08-30,1,0
2017-08-30,1,0
2017-08-30,1,1
2017-08-30,1,0
2017-08-30,1,0
2017-08-30,1,0
2017-08-30,1,0
2017-08-30,1,0
2017-08-30,1,1
2017-08-30,1,0
2017-08-30,1,0
2017-08-30,1,0
2017-08-30,1,0
2017-08-30,1,0
2017-08-30,1,0
2017-08-31,1,0
2017-08-31,1,0
2017-08-31,1,0
2017-08-31,1,0
2017-08-31,1,0
2017-08-31,1,0
2017-08-31,1,0
2017-08-31,1,0
2017-08-31,1,0
2017-08-31,1,0
2017-08-31,1,0
2017-08-31,1,0
2017-08-31,1,0
2017-08-31,1,0
2017-08-31,1,0
2017-08-31,1,0
2017-08-31,1,1
2017-08-31,1,0
2017-08-31,1,0
2017-08-31,1,0
2017-08-31,1,0
2017-08-31,1,0
2017-08-31,1,1
2017-08-31,1,0
2017-08-31,1,1
2017-08-31,1,0
2017-08-31,1,0
2017-08-31,1,0
2017-08-31,1,0
2017-08-31,1,0
2017-08-31,1,0
2017-08-31,1,0
2017-08-31,1,0
2017-08-31,1,0
2017-08-31,1,0
2017-08-31,1,0
2017-08-31,1,0
2017-08-31,1,0
2017-08-31,1,0
2017-08-31,1,0
2017-08-31,1,0
2017-08-31,1,0
2017-08-31,1,0
2017-08-31,1,0
2017-08-31,1,0
2017-08-31,1,1
2017-08-31,1,0
2017-08-31,1,0
2017-09-01,0,0
2017-09-01,0,1
2017-09-01,0,0
2017-09-01,0,0
2017-09-01,0,0
2017-09-01,0,0
2017-09-01,0,0
2017-09-01,0,0
2017-09-01,0,0
2017-09-01,0,0
2017-09-01,0,1
2017-09-01,0,0
2017-09-01,0,0
2017-09-01,0,0
2017-09-01,0,0
2017-09-01,0,1
2017-09-01,0,0
2017-09-01,0,0
2017-09-01,0,0
2017-09-01,0,0
2017-09-01,0,0
2017-09-01,0,0
2017-09-01,0,0
2017-09-01,0,0
2017-09-01,0,0
2017-09-01,0,0
2017-09-01,0,0
2017-09-01,0,0
2017-09-01,0,0
2017-09-01,0,0
2017-09-01,0,0
2017-09-01,0,0
2017-09-01,0,0
2017-09-01,0,0
2017-09-01,0,0
2017-09-05,-1,0
2017-09-05,-1,0
2017-09-05,-1,0
2017-09-05,-1,0
2017-09-05,-1,0
2017-09-05,-1,0
2017-09-05,-1,0
2017-09-05,-1,0
2017-09-05,-1,0
2017-09-05,-1,1
2017-09-05,-1,0
2017-09-05,-1,0
2017-09-05,-1,0
2017-09-05,-1,0
2017-09-05,-1,0
2017-09-05,-1,1
2017-09-05,-1,1
2017-09-05,-1,0
2017-09-05,-1,0
2017-09-05,-1,0
2017-09-05,-1,0
2017-09-05,-1,0
2017-09-05,-1,1
2017-09-05,-1,0
2017-09-05,-1,0
2017-09-05,-1,0
2017-09-05,-1,0
2017-09-05,-1,0
2017-09-05,-1,0
2017-09-05,-1,1
2017-09-05,-1,0
2017-09-05,-1,0
2017-09-05,-1,1
2017-09-05,-1,0
2017-09-05,-1,0
2017-09-05,-1,1
2017-09-05,-1,0
2017-09-05,-1,0
2017-09-05,-1,0
2017-09-05,-1,1
2017-09-05,-1,0
2017-09-05,-1,0
2017-09-05,-1,0
2017-09-05,-1,1
2017-09-05,-1,0
2017-09-05,-1,0
2017-09-05,-1,0
2017-09-05,-1,0
2017-09-05,-1,1
2017-09-05,-1,0
2017-09-05,-1,0
2017-09-06,0,0
2017-09-06,0,0
2017-09-06,0,0
2017-09-06,0,0
2017-09-06,0,0
2017-09-06,0,0
2017-09-06,0,0
2017-09-06,0,0
2017-09-06,0,0
2017-09-06,0,0
2017-09-06,0,0
2017-09-06,0,0
2017-09-06,0,0
2017-09-06,0,1
2017-09-06,0,0
2017-09-06,0,0
2017-09-06,0,0
2017-09-06,0,0
2017-09-06,0,1
2017-09-06,0,1
2017-09-06,0,0
2017-09-06,0,0
2017-09-06,0,0
2017-09-06,0,0
2017-09-06,0,0
2017-09-06,0,1
2017-09-06,0,0
2017-09-06,0,0
2017-09-06,0,0
2017-09-06,0,0
2017-09-06,0,1
2017-09-06,0,0
2017-09-06,0,0
2017-09-06,0,1
2017-09-06,0,0
2017-09-06,0,0
2017-09-06,0,0
2017-09-06,0,0
2017-09-06,0,0
2017-09-06,0,1
2017-09-06,0,0
2017-09-06,0,0
2017-09-06,0,0
2017-09-06,0,0
2017-09-06,0,0
2017-09-06,0,0
2017-09-06,0,0
2017-09-06,0,0
2017-09-06,0,0
2017-09-07,0,0
2017-09-07,0,0
2017-09-07,0,0
2017-09-07,0,0
2017-09-07,0,0
2017-09-07,0,0
2017-09-07,0,0
2017-09-07,0,0
2017-09-07,0,1
2017-09-07,0,0
2017-09-07,0,0
2017-09-07,0,1
2017-09-07,0,0
2017-09-07,0,0
2017-09-07,0,0
2017-09-07,0,0
2017-09-07,0,0
2017-09-07,0,0
2017-09-07,0,0
2017-09-07,0,0
2017-09-07,0,0
2017-09-07,0,0
2017-09-07,0,0
2017-09-07,0,0
2017-09-07,0,0
2017-09-07,0,0
2017-09-07,0,0
2017-09-07,0,0
2017-09-07,0,0
2017-09-07,0,0
2017-09-07,0,0
2017-09-07,0,1
2017-09-07,0,1
2017-09-07,0,1
2017-09-07,0,0
2017-09-07,0,0
2017-09-07,0,0
2017-09-07,0,1
2017-09-07,0,0
2017-09-07,0,0
2017-09-07,0,0
2017-09-07,0,0
2017-09-07,0,0
2017-09-07,0,0
2017-09-07,0,0
2017-09-07,0,0
2017-09-07,0,0
2017-09-07,0,0
2017-09-07,0,0
2017-09-07,0,0
2017-09-07,0,0
2017-09-07,0,0
2017-09-08,-1,0
2017-09-08,-1,0
2017-09-08,-1,0
2017-09-08,-1,0
2017-09-08,-1,0
2017-09-08,-1,0
2017-09-08,-1,0
2017-09-08,-1,0
2017-09-08,-1,0
2017-09-08,-1,0
2017-09-08,-1,0
2017-09-08,-1,0
2017-09-08,-1,0
2017-09-08,-1,0
2017-09-08,-1,0
2017-09-08,-1,0
2017-09-08,-1,0
2017-09-08,-1,0
2017-09-08,-1,0
2017-09-08,-1,1
2017-09-08,-1,0
2017-09-08,-1,0
2017-09-08,-1,0
2017-09-08,-1,0
2017-09-08,-1,0
2017-09-08,-1,1
2017-09-08,-1,0
2017-09-08,-1,0
2017-09-08,-1,0
2017-09-08,-1,1
2017-09-08,-1,0
2017-09-08,-1,1
2017-09-08,-1,0
2017-09-11,1,0
2017-09-11,1,0
2017-09-11,1,0
2017-09-11,1,0
2017-09-11,1,0
2017-09-11,1,0
2017-09-11,1,0
2017-09-11,1,1
2017-09-11,1,0
2017-09-11,1,0
2017-09-11,1,0
2017-09-11,1,0
2017-09-11,1,0
2017-09-11,1,0
2017-09-11,1,0
2017-09-11,1,0
2017-09-11,1,0
2017-09-11,1,0
2017-09-11,1,0
2017-09-11,1,0
2017-09-11,1,0
2017-09-11,1,0
2017-09-11,1,0
2017-09-11,1,0
2017-09-11,1,0
2017-09-11,1,0
2017-09-11,1,0
2017-09-11,1,0
2017-09-11,1,0
2017-09-11,1,1
2017-09-11,1,0
2017-09-11,1,0
2017-09-11,1,1
2017-09-11,1,0
2017-09-11,1,0
2017-09-11,1,0
2017-09-11,1,0
2017-09-11,1,0
2017-09-11,1,0
2017-09-11,1,1
2017-09-11,1,0
2017-09-11,1,0
2017-09-11,1,0
2017-09-11,1,0
2017-09-11,1,0
2017-09-11,1,1
2017-09-11,1,0
2017-09-11,1,0
2017-09-11,1,0
2017-09-11,1,0
2017-09-11,1,0
2017-09-11,1,0
2017-09-11,1,0
2017-09-11,1,1
2017-09-11,1,0
2017-09-11,1,0
2017-09-11,1,0
2017-09-11,1,0
2017-09-11,1,0
2017-09-11,1,0
2017-09-11,1,0
2017-09-11,1,1
2017-09-11,1,0
2017-09-11,1,0
2017-09-11,1,0
2017-09-11,1,1
2017-09-12,0,0
2017-09-12,0,0
2017-09-12,0,0
2017-09-12,0,0
2017-09-12,0,0
2017-09-12,0,0
2017-09-12,0,0
2017-09-12,0,0
2017-09-12,0,0
2017-09-12,0,1
2017-09-12,0,0
2017-09-12,0,0
2017-09-12,0,0
2017-09-12,0,0
2017-09-12,0,0
2017-09-12,0,0
2017-09-12,0,0
2017-09-12,0,1
2017-09-12,0,0
2017-09-12,0,0
2017-09-12,0,0
2017-09-12,0,0
2017-09-12,0,0
2017-09-12,0,0
2017-09-12,0,0
2017-09-12,0,0
2017-09-12,0,0
2017-09-12,0,1
2017-09-12,0,1
2017-09-12,0,0
2017-09-12,0,0
2017-09-12,0,0
2017-09-12,0,0
2017-09-12,0,0
2017-09-12,0,0
2017-09-12,0,0
2017-09-12,0,0
2017-09-12,0,0
2017-09-12,0,0
2017-09-12,0,0
2017-09-12,0,0
2017-09-12,0,0
2017-09-12,0,0
2017-09-12,0,0
2017-09-12,0,0
2017-09-12,0,0
2017-09-12,0,0
2017-09-12,0,0
2017-09-12,0,1
2017-09-12,0,0
2017-09-12,0,0
2017-09-12,0,0
2017-09-12,0,0
2017-09-12,0,0
2017-09-12,0,0
2017-09-12,0,0
2017-09-12,0,0
2017-09-12,0,0
2017-09-12,0,0
2017-09-12,0,0
2017-09-12,0,0
2017-09-12,0,0
2017-09-12,0,0
2017-09-12,0,0
2017-09-12,0,0
2017-09-12,0,0
2017-09-12,0,1
2017-09-12,0,0
2017-09-12,0,1
2017-09-12,0,0
2017-09-12,0,0
2017-09-12,0,0
2017-09-12,0,0
2017-09-12,0,0
2017-09-12,0,0
2017-09-12,0,0
2017-09-12,0,0
2017-09-12,0,0
2017-09-12,0,0
2017-09-12,0,0
2017-09-12,0,1
2017-09-12,0,1
2017-09-12,0,0
2017-09-12,0,0
2017-09-12,0,0
2017-09-12,0,0
2017-09-12,0,0
2017-09-12,0,0
2017-09-12,0,0
2017-09-12,0,0
2017-09-12,0,0
2017-09-12,0,0
2017-09-12,0,0
2017-09-12,0,0
2017-09-12,0,0
2017-09-12,0,0
2017-09-12,0,0
2017-09-12,0,0
2017-09-12,0,0
2017-09-12,0,0
2017-09-12,0,0
2017-09-12,0,0
2017-09-12,0,1
2017-09-12,0,0
2017-09-12,0,0
2017-09-12,0,0
2017-09-12,0,0
2017-09-12,0,0
2017-09-12,0,0
2017-09-12,0,0
2017-09-12,0,0
2017-09-12,0,0
2017-09-12,0,0
2017-09-12,0,0
2017-09-12,0,0
2017-09-12,0,0
2017-09-12,0,0
2017-09-12,0,0
2017-09-12,0,0
2017-09-12,0,0
2017-09-12,0,0
2017-09-12,0,0
2017-09-12,0,0
2017-09-12,0,0
2017-09-12,0,0
2017-09-12,0,0
2017-09-13,0,0
2017-09-13,0,0
2017-09-13,0,0
2017-09-13,0,0
2017-09-13,0,0
2017-09-13,0,0
2017-09-13,0,0
2017-09-13,0,0
2017-09-13,0,1
2017-09-13,0,0
2017-09-13,0,1
2017-09-13,0,0
2017-09-13,0,0
2017-09-13,0,0
2017-09-13,0,0
2017-09-13,0,0
2017-09-13,0,0
2017-09-13,0,0
2017-09-13,0,0
2017-09-13,0,0
2017-09-13,0,0
2017-09-13,0,0
2017-09-13,0,0
2017-09-13,0,0
2017-09-13,0,0
2017-09-13,0,0
2017-09-13,0,0
2017-09-13,0,0
2017-09-13,0,0
2017-09-13,0,0
2017-09-13,0,0
2017-09-13,0,0
2017-09-13,0,0
2017-09-13,0,0
2017-09-13,0,0
2017-09-13,0,1
2017-09-13,0,0
2017-09-13,0,1
2017-09-13,0,0
2017-09-13,0,0
2017-09-13,0,0
2017-09-13,0,0
2017-09-13,0,0
2017-09-13,0,0
2017-09-13,0,0
2017-09-13,0,0
2017-09-13,0,0
2017-09-13,0,0
2017-09-13,0,0
2017-09-13,0,0
2017-09-13,0,0
2017-09-13,0,0
2017-09-13,0,0
2017-09-13,0,0
2017-09-13,0,0
2017-09-13,0,0
2017-09-13,0,0
2017-09-13,0,0
2017-09-13,0,0
2017-09-13,0,0
2017-09-13,0,0
2017-09-13,0,0
2017-09-13,0,0
2017-09-13,0,0
2017-09-13,0,0
2017-09-13,0,0
2017-09-13,0,0
2017-09-13,0,0
2017-09-13,0,0
2017-09-13,0,0
2017-09-13,0,0
2017-09-13,0,0
2017-09-13,0,0
2017-09-13,0,1
2017-09-13,0,0
2017-09-13,0,0
2017-09-13,0,0
2017-09-13,0,0
2017-09-13,0,0
2017-09-13,0,0
2017-09-13,0,0
2017-09-13,0,0
2017-09-13,0,0
2017-09-13,0,0
2017-09-13,0,0
2017-09-13,0,0
2017-09-13,0,1
2017-09-13,0,0
2017-09-13,0,0
2017-09-13,0,0
2017-09-13,0,0
2017-09-13,0,0
2017-09-13,0,0
2017-09-13,0,0
2017-09-13,0,0
2017-09-13,0,0
2017-09-13,0,0
2017-09-13,0,0
2017-09-13,0,0
2017-09-13,0,0
2017-09-13,0,0
2017-09-13,0,0
2017-09-13,0,0
2017-09-13,0,0
2017-09-13,0,0
2017-09-13,0,0
2017-09-13,0,0
2017-09-13,0,0
2017-09-13,0,0
2017-09-13,0,0
2017-09-13,0,0
2017-09-14,0,0
2017-09-14,0,0
2017-09-14,0,0
2017-09-14,0,0
2017-09-14,0,1
2017-09-14,0,1
2017-09-14,0,0
2017-09-14,0,0
2017-09-14,0,0
2017-09-14,0,0
2017-09-14,0,1
2017-09-14,0,1
2017-09-14,0,0
2017-09-14,0,1
2017-09-14,0,0
2017-09-14,0,0
2017-09-14,0,0
2017-09-14,0,0
2017-09-14,0,0
2017-09-14,0,0
2017-09-14,0,0
2017-09-14,0,0
2017-09-14,0,0
2017-09-14,0,0
2017-09-14,0,0
2017-09-14,0,0
2017-09-14,0,0
2017-09-14,0,0
2017-09-14,0,0
2017-09-14,0,0
2017-09-14,0,0
2017-09-14,0,0
2017-09-14,0,0
2017-09-15,1,0
2017-09-15,1,0
2017-09-15,1,0
2017-09-15,1,1
2017-09-15,1,1
2017-09-15,1,0
2017-09-15,1,0
2017-09-15,1,0
2017-09-15,1,0
2017-09-15,1,0
2017-09-15,1,0
2017-09-15,1,0
2017-09-15,1,1
2017-09-15,1,0
2017-09-15,1,0
2017-09-15,1,0
2017-09-15,1,0
2017-09-15,1,0
2017-09-15,1,0
2017-09-15,1,0
2017-09-15,1,0
2017-09-15,1,0
2017-09-15,1,0
2017-09-15,1,0
2017-09-15,1,0
2017-09-15,1,0
2017-09-15,1,0
2017-09-15,1,0
2017-09-15,1,0
2017-09-15,1,0
2017-09-15,1,0
2017-09-15,1,0
2017-09-15,1,0
2017-09-15,1,0
2017-09-15,1,0
2017-09-15,1,0
2017-09-15,1,1
2017-09-15,1,0
2017-09-15,1,0
2017-09-18,1,0
2017-09-18,1,0
2017-09-18,1,0
2017-09-18,1,0
2017-09-18,1,0
2017-09-18,1,0
2017-09-18,1,0
2017-09-18,1,0
2017-09-18,1,0
2017-09-18,1,0
2017-09-18,1,0
2017-09-18,1,0
2017-09-18,1,0
2017-09-18,1,0
2017-09-18,1,0
2017-09-18,1,0
2017-09-18,1,0
2017-09-18,1,0
2017-09-18,1,0
2017-09-18,1,0
2017-09-18,1,0
2017-09-18,1,0
2017-09-18,1,0
2017-09-18,1,1
2017-09-18,1,0
2017-09-18,1,0
2017-09-18,1,0
2017-09-18,1,0
2017-09-18,1,0
2017-09-18,1,0
2017-09-19,0,0
2017-09-19,0,0
2017-09-19,0,0
2017-09-19,0,0
2017-09-19,0,1
2017-09-19,0,0
2017-09-19,0,0
2017-09-19,0,0
2017-09-19,0,0
2017-09-19,0,0
2017-09-19,0,0
2017-09-19,0,0
2017-09-19,0,1
2017-09-19,0,0
2017-09-19,0,0
2017-09-19,0,0
2017-09-19,0,0
2017-09-19,0,1
2017-09-19,0,0
2017-09-19,0,0
2017-09-19,0,0
2017-09-19,0,1
2017-09-19,0,0
2017-09-19,0,0
2017-09-19,0,1
2017-09-19,0,0
2017-09-19,0,1
2017-09-19,0,0
2017-09-19,0,0
2017-09-19,0,0
2017-09-19,0,0
2017-09-19,0,0
2017-09-19,0,0
2017-09-19,0,0
2017-09-19,0,0
2017-09-20,1,0
2017-09-20,1,0
2017-09-20,1,0
2017-09-20,1,0
2017-09-20,1,0
2017-09-20,1,0
2017-09-20,1,0
2017-09-20,1,0
2017-09-20,1,0
2017-09-20,1,0
2017-09-20,1,1
2017-09-20,1,0
2017-09-20,1,0
2017-09-20,1,0
2017-09-20,1,0
2017-09-20,1,0
2017-09-20,1,0
2017-09-20,1,0
2017-09-20,1,0
2017-09-20,1,0
2017-09-20,1,0
2017-09-20,1,1
2017-09-20,1,1
2017-09-20,1,0
2017-09-20,1,0
2017-09-20,1,0
2017-09-20,1,0
2017-09-20,1,0
2017-09-20,1,0
2017-09-20,1,0
2017-09-20,1,0
2017-09-20,1,0
2017-09-20,1,0
2017-09-20,1,0
2017-09-20,1,0
2017-09-20,1,0
2017-09-20,1,0
2017-09-20,1,0
2017-09-20,1,0
2017-09-20,1,0
2017-09-20,1,0
2017-09-20,1,0
2017-09-20,1,0
2017-09-20,1,0
2017-09-20,1,0
2017-09-20,1,0
2017-09-20,1,0
2017-09-20,1,0
2017-09-20,1,0
2017-09-20,1,0
2017-09-20,1,0
2017-09-20,1,0
2017-09-20,1,0
2017-09-20,1,0
2017-09-20,1,-1
2017-09-20,1,0
2017-09-21,-1,0
2017-09-21,-1,0
2017-09-21,-1,0
2017-09-21,-1,0
2017-09-21,-1,0
2017-09-21,-1,0
2017-09-21,-1,0
2017-09-21,-1,0
2017-09-21,-1,0
2017-09-21,-1,0
2017-09-21,-1,0
2017-09-21,-1,0
2017-09-21,-1,0
2017-09-21,-1,0
2017-09-21,-1,0
2017-09-21,-1,0
2017-09-21,-1,0
2017-09-21,-1,0
2017-09-21,-1,0
2017-09-21,-1,0
2017-09-21,-1,0
2017-09-21,-1,0
2017-09-21,-1,0
2017-09-21,-1,0
2017-09-21,-1,1
2017-09-21,-1,0
2017-09-21,-1,0
2017-09-21,-1,1
2017-09-21,-1,0
2017-09-21,-1,0
2017-09-21,-1,0
2017-09-21,-1,0
2017-09-21,-1,1
2017-09-21,-1,0
2017-09-21,-1,0
2017-09-21,-1,0
2017-09-21,-1,0
2017-09-21,-1,0
2017-09-21,-1,0
2017-09-21,-1,0
2017-09-21,-1,0
2017-09-21,-1,0
2017-09-22,0,0
2017-09-22,0,0
2017-09-22,0,0
2017-09-22,0,0
2017-09-22,0,0
2017-09-22,0,0
2017-09-22,0,0
2017-09-22,0,0
2017-09-22,0,0
2017-09-22,0,0
2017-09-22,0,0
2017-09-22,0,0
2017-09-22,0,1
2017-09-22,0,0
2017-09-22,0,0
2017-09-22,0,0
2017-09-22,0,0
2017-09-22,0,0
2017-09-22,0,0
2017-09-22,0,0
2017-09-22,0,1
2017-09-22,0,0
2017-09-22,0,0
2017-09-22,0,0
2017-09-22,0,0
2017-09-22,0,0
2017-09-22,0,0
2017-09-22,0,0
2017-09-22,0,0
2017-09-22,0,0
2017-09-22,0,0
2017-09-22,0,0
2017-09-22,0,0
2017-09-22,0,0
2017-09-22,0,0
2017-09-22,0,0
2017-09-22,0,0
2017-09-22,0,0
2017-09-22,0,0
2017-09-22,0,0
2017-09-22,0,0
2017-09-22,0,0
2017-09-22,0,0
2017-09-22,0,0
2017-09-22,0,0
2017-09-22,0,0
2017-09-22,0,0
2017-09-22,0,0
2017-09-22,0,0
2017-09-22,0,1
2017-09-22,0,0
2017-09-22,0,0
2017-09-22,0,0
2017-09-22,0,0
2017-09-22,0,0
2017-09-22,0,0
2017-09-22,0,0
2017-09-22,0,0
2017-09-22,0,0
2017-09-22,0,0
2017-09-22,0,0
2017-09-22,0,0
2017-09-22,0,0
2017-09-22,0,0
2017-09-22,0,0
2017-09-25,-1,0
2017-09-25,-1,0
2017-09-25,-1,0
2017-09-25,-1,0
2017-09-25,-1,0
2017-09-25,-1,0
2017-09-25,-1,0
2017-09-25,-1,1
2017-09-25,-1,0
2017-09-25,-1,0
2017-09-25,-1,0
2017-09-25,-1,0
2017-09-25,-1,0
2017-09-25,-1,0
2017-09-25,-1,1
2017-09-25,-1,1
2017-09-25,-1,0
2017-09-25,-1,0
2017-09-25,-1,0
2017-09-25,-1,0
2017-09-25,-1,0
2017-09-25,-1,0
2017-09-25,-1,0
2017-09-25,-1,0
2017-09-25,-1,0
2017-09-25,-1,0
2017-09-25,-1,0
2017-09-25,-1,0
2017-09-25,-1,0
2017-09-25,-1,0
2017-09-25,-1,0
2017-09-25,-1,0
2017-09-25,-1,0
2017-09-25,-1,0
2017-09-25,-1,1
2017-09-25,-1,0
2017-09-25,-1,0
2017-09-25,-1,0
2017-09-25,-1,0
2017-09-25,-1,0
2017-09-25,-1,0
2017-09-25,-1,0
2017-09-25,-1,0
2017-09-25,-1,0
2017-09-25,-1,0
2017-09-25,-1,0
2017-09-25,-1,0
2017-09-25,-1,0
2017-09-25,-1,0
2017-09-25,-1,0
2017-09-25,-1,0
2017-09-25,-1,1
2017-09-25,-1,0
2017-09-25,-1,0
2017-09-26,0,0
2017-09-26,0,0
2017-09-26,0,0
2017-09-26,0,0
2017-09-26,0,0
2017-09-26,0,0
2017-09-26,0,0
2017-09-26,0,0
2017-09-26,0,0
2017-09-26,0,0
2017-09-26,0,0
2017-09-26,0,0
2017-09-26,0,0
2017-09-26,0,0
2017-09-26,0,0
2017-09-26,0,0
2017-09-26,0,0
2017-09-26,0,0
2017-09-26,0,0
2017-09-26,0,0
2017-09-26,0,0
2017-09-26,0,0
2017-09-26,0,0
2017-09-26,0,0
2017-09-26,0,0
2017-09-26,0,0
2017-09-26,0,0
2017-09-26,0,0
2017-09-26,0,0
2017-09-26,0,0
2017-09-26,0,0
2017-09-26,0,0
2017-09-26,0,0
2017-09-26,0,0
2017-09-26,0,0
2017-09-26,0,0
2017-09-26,0,0
2017-09-26,0,0
2017-09-26,0,0
2017-09-26,0,0
2017-09-26,0,0
2017-09-26,0,0
2017-09-26,0,0
2017-09-26,0,0
2017-09-26,0,0
2017-09-26,0,0
2017-09-26,0,0
2017-09-26,0,0
2017-09-26,0,0
2017-09-26,0,0
2017-09-26,0,0
2017-09-26,0,0
2017-09-26,0,0
2017-09-26,0,0
2017-09-26,0,0
2017-09-26,0,0
2017-09-26,0,0
2017-09-27,1,1
2017-09-27,1,0
2017-09-27,1,0
2017-09-27,1,0
2017-09-27,1,0
2017-09-27,1,0
2017-09-27,1,0
2017-09-27,1,0
2017-09-27,1,0
2017-09-27,1,0
2017-09-27,1,0
2017-09-27,1,0
2017-09-27,1,0
2017-09-27,1,0
2017-09-27,1,0
2017-09-27,1,0
2017-09-27,1,0
2017-09-27,1,0
2017-09-27,1,0
2017-09-27,1,0
2017-09-27,1,0
2017-09-27,1,0
2017-09-27,1,0
2017-09-27,1,0
2017-09-27,1,0
2017-09-27,1,1
2017-09-27,1,0
2017-09-27,1,0
2017-09-27,1,0
2017-09-27,1,0
2017-09-27,1,0
2017-09-27,1,0
2017-09-27,1,0
2017-09-27,1,0
2017-09-27,1,0
2017-09-27,1,0
2017-09-27,1,0
2017-09-27,1,0
2017-09-27,1,0
2017-09-27,1,0
2017-09-27,1,0
2017-09-27,1,0
2017-09-27,1,0
2017-09-27,1,0
2017-09-27,1,0
2017-09-27,1,0
2017-09-27,1,0
2017-09-27,1,0
2017-09-27,1,0
2017-09-27,1,0
2017-09-27,1,0
2017-09-27,1,0
2017-09-27,1,0
2017-09-28,0,0
2017-09-28,0,0
2017-09-28,0,0
2017-09-28,0,0
2017-09-28,0,1
2017-09-28,0,0
2017-09-28,0,0
2017-09-28,0,0
2017-09-28,0,0
2017-09-28,0,0
2017-09-28,0,0
2017-09-28,0,0
2017-09-28,0,1
2017-09-28,0,0
2017-09-28,0,0
2017-09-28,0,0
2017-09-28,0,1
2017-09-28,0,0
2017-09-28,0,0
2017-09-28,0,0
2017-09-28,0,0
2017-09-28,0,0
2017-09-28,0,0
2017-09-28,0,0
2017-09-28,0,0
2017-09-28,0,0
2017-09-28,0,0
2017-09-28,0,0
2017-09-28,0,0
2017-09-28,0,0
2017-09-28,0,0
2017-09-28,0,0
2017-09-28,0,0
2017-09-28,0,1
2017-09-28,0,0
2017-09-28,0,0
2017-09-28,0,0
2017-09-28,0,0
2017-09-28,0,0
2017-09-28,0,1
2017-09-28,0,0
2017-09-28,0,0
2017-09-28,0,0
2017-09-28,0,0
2017-09-28,0,0
2017-09-28,0,0
2017-09-28,0,0
2017-09-28,0,0
2017-09-28,0,0
2017-09-28,0,0
2017-09-28,0,0
2017-09-28,0,0
2017-09-28,0,0
2017-09-28,0,0
2017-09-28,0,0
2017-09-28,0,0
2017-09-28,0,0
2017-09-28,0,0
2017-09-28,0,0
2017-09-28,0,0
2017-09-28,0,0
2017-09-28,0,0
2017-09-28,0,0
2017-09-28,0,0
2017-09-28,0,1
2017-09-29,0,0
2017-09-29,0,0
2017-09-29,0,0
2017-09-29,0,0
2017-09-29,0,0
2017-09-29,0,0
2017-09-29,0,0
2017-09-29,0,0
2017-09-29,0,0
2017-09-29,0,1
2017-09-29,0,0
2017-09-29,0,1
2017-09-29,0,0
2017-09-29,0,0
2017-09-29,0,0
2017-09-29,0,0
2017-09-29,0,0
2017-09-29,0,0
2017-09-29,0,0
2017-09-29,0,0
2017-09-29,0,0
2017-09-29,0,0
2017-09-29,0,0
2017-09-29,0,0
2017-09-29,0,0
2017-09-29,0,0
2017-09-29,0,0
2017-09-29,0,-1
2017-09-29,0,1
2017-09-29,0,1
2017-09-29,0,-1
2017-09-29,0,0
2017-09-29,0,0
2017-09-29,0,0
2017-09-29,0,0
2017-09-29,0,0
2017-09-29,0,0
2017-09-29,0,0
2017-09-29,0,0
2017-10-02,0,0
2017-10-02,0,0
2017-10-02,0,1
2017-10-02,0,1
2017-10-02,0,0
2017-10-02,0,0
2017-10-02,0,0
2017-10-02,0,0
2017-10-02,0,0
2017-10-02,0,0
2017-10-02,0,0
2017-10-02,0,0
2017-10-02,0,0
2017-10-02,0,1
2017-10-02,0,0
2017-10-02,0,0
2017-10-02,0,0
2017-10-02,0,0
2017-10-02,0,0
2017-10-02,0,0
2017-10-02,0,0
2017-10-02,0,0
2017-10-02,0,0
2017-10-02,0,1
2017-10-02,0,0
2017-10-02,0,0
2017-10-02,0,0
2017-10-02,0,0
2017-10-02,0,0
2017-10-02,0,0
2017-10-02,0,0
2017-10-02,0,0
2017-10-02,0,0
2017-10-02,0,0
2017-10-02,0,0
2017-10-02,0,0
2017-10-02,0,1
2017-10-02,0,0
2017-10-03,1,1
2017-10-03,1,0
2017-10-03,1,0
2017-10-03,1,0
2017-10-03,1,0
2017-10-03,1,0
2017-10-03,1,1
2017-10-03,1,1
2017-10-03,1,0
2017-10-03,1,0
2017-10-03,1,0
2017-10-03,1,0
2017-10-03,1,0
2017-10-03,1,0
2017-10-03,1,0
2017-10-03,1,0
2017-10-03,1,0
2017-10-03,1,0
2017-10-03,1,0
2017-10-03,1,0
2017-10-03,1,0
2017-10-03,1,0
2017-10-03,1,0
2017-10-03,1,0
2017-10-03,1,0
2017-10-03,1,0
2017-10-03,1,0
2017-10-03,1,0
2017-10-03,1,0
2017-10-03,1,0
2017-10-03,1,0
2017-10-03,1,0
2017-10-03,1,0
2017-10-03,1,1
2017-10-03,1,0
2017-10-03,1,0
2017-10-03,1,1
2017-10-03,1,0
2017-10-03,1,1
2017-10-03,1,0
2017-10-03,1,0
2017-10-03,1,0
2017-10-03,1,0
2017-10-04,0,0
2017-10-04,0,0
2017-10-04,0,0
2017-10-04,0,0
2017-10-04,0,0
2017-10-04,0,0
2017-10-04,0,0
2017-10-04,0,0
2017-10-04,0,0
2017-10-04,0,0
2017-10-04,0,0
2017-10-04,0,0
2017-10-04,0,0
2017-10-04,0,0
2017-10-04,0,0
2017-10-04,0,0
2017-10-04,0,0
2017-10-04,0,0
2017-10-04,0,0
2017-10-04,0,0
2017-10-04,0,0
2017-10-04,0,0
2017-10-04,0,0
2017-10-04,0,0
2017-10-04,0,0
2017-10-04,0,0
2017-10-04,0,0
2017-10-04,0,0
2017-10-04,0,0
2017-10-04,0,0
2017-10-04,0,1
2017-10-04,0,0
2017-10-04,0,0
2017-10-04,0,0
2017-10-04,0,0
2017-10-04,0,0
2017-10-04,0,0
2017-10-04,0,0
2017-10-04,0,0
2017-10-04,0,0
2017-10-04,0,0
2017-10-04,0,0
2017-10-04,0,1
2017-10-04,0,0
2017-10-04,0,1
2017-10-04,0,0
2017-10-04,0,0
2017-10-04,0,0
2017-10-04,0,0
2017-10-04,0,0
2017-10-04,0,0
2017-10-04,0,0
2017-10-04,0,0
2017-10-04,0,0
2017-10-04,0,1
2017-10-04,0,0
2017-10-04,0,0
2017-10-04,0,0
2017-10-04,0,0
2017-10-04,0,0
2017-10-04,0,0
2017-10-04,0,0
2017-10-04,0,0
2017-10-04,0,1
2017-10-04,0,0
2017-10-04,0,0
2017-10-04,0,0
2017-10-04,0,0
2017-10-04,0,0
2017-10-04,0,0
2017-10-04,0,0
2017-10-04,0,0
2017-10-04,0,0
2017-10-04,0,0
2017-10-04,0,0
2017-10-04,0,0
2017-10-04,0,0
2017-10-04,0,0
2017-10-04,0,0
2017-10-04,0,0
2017-10-04,0,0
2017-10-04,0,0
2017-10-04,0,0
2017-10-04,0,0
2017-10-04,0,0
2017-10-05,0,0
2017-10-05,0,0
2017-10-05,0,0
2017-10-05,0,0
2017-10-05,0,0
2017-10-05,0,0
2017-10-05,0,0
2017-10-05,0,0
2017-10-05,0,0
2017-10-05,0,0
2017-10-05,0,0
2017-10-05,0,1
2017-10-05,0,0
2017-10-05,0,0
2017-10-05,0,0
2017-10-05,0,0
2017-10-05,0,0
2017-10-05,0,0
2017-10-05,0,0
2017-10-05,0,0
2017-10-05,0,0
2017-10-05,0,0
2017-10-05,0,0
2017-10-05,0,0
2017-10-05,0,0
2017-10-05,0,0
2017-10-05,0,0
2017-10-05,0,0
2017-10-05,0,0
2017-10-05,0,0
2017-10-05,0,0
2017-10-05,0,0
2017-10-05,0,0
2017-10-05,0,0
2017-10-05,0,1
2017-10-05,0,0
2017-10-05,0,0
2017-10-05,0,0
2017-10-05,0,0
2017-10-05,0,0
2017-10-05,0,0
2017-10-05,0,0
2017-10-05,0,0
2017-10-05,0,0
2017-10-05,0,0
2017-10-05,0,0
2017-10-05,0,-1
2017-10-05,0,0
2017-10-06,0,0
2017-10-06,0,0
2017-10-06,0,0
2017-10-06,0,0
2017-10-06,0,0
2017-10-06,0,1
2017-10-06,0,0
2017-10-06,0,0
2017-10-06,0,0
2017-10-06,0,0
2017-10-06,0,0
2017-10-06,0,0
2017-10-06,0,0
2017-10-06,0,0
2017-10-06,0,0
2017-10-06,0,0
2017-10-06,0,0
2017-10-06,0,0
2017-10-06,0,1
2017-10-06,0,0
2017-10-06,0,0
2017-10-06,0,0
2017-10-06,0,0
2017-10-06,0,0
2017-10-06,0,0
2017-10-06,0,0
2017-10-06,0,0
2017-10-06,0,0
2017-10-06,0,0
2017-10-06,0,0
2017-10-06,0,0
2017-10-09,0,0
2017-10-09,0,0
2017-10-09,0,0
2017-10-09,0,0
2017-10-09,0,0
2017-10-09,0,0
2017-10-09,0,0
2017-10-09,0,0
2017-10-09,0,0
2017-10-09,0,0
2017-10-09,0,0
2017-10-09,0,0
2017-10-09,0,0
2017-10-09,0,0
2017-10-09,0,0
2017-10-09,0,0
2017-10-09,0,0
2017-10-09,0,0
2017-10-09,0,0
2017-10-09,0,0
2017-10-09,0,0
2017-10-09,0,0
2017-10-09,0,0
2017-10-09,0,0
2017-10-10,0,0
2017-10-10,0,0
2017-10-10,0,0
2017-10-10,0,0
2017-10-10,0,0
2017-10-10,0,0
2017-10-10,0,0
2017-10-10,0,0
2017-10-10,0,0
2017-10-10,0,0
2017-10-10,0,0
2017-10-10,0,0
2017-10-10,0,0
2017-10-10,0,0
2017-10-10,0,0
2017-10-10,0,0
2017-10-10,0,0
2017-10-10,0,0
2017-10-10,0,1
2017-10-10,0,0
2017-10-10,0,0
2017-10-10,0,0
2017-10-10,0,1
2017-10-10,0,0
2017-10-10,0,0
2017-10-10,0,1
2017-10-10,0,0
2017-10-10,0,0
2017-10-10,0,1
2017-10-10,0,0
2017-10-11,0,0
2017-10-11,0,0
2017-10-11,0,0
2017-10-11,0,0
2017-10-11,0,0
2017-10-11,0,0
2017-10-11,0,0
2017-10-11,0,0
2017-10-11,0,0
2017-10-11,0,0
2017-10-11,0,0
2017-10-11,0,0
2017-10-11,0,0
2017-10-11,0,0
2017-10-11,0,1
2017-10-11,0,0
2017-10-11,0,0
2017-10-11,0,0
2017-10-11,0,0
2017-10-11,0,0
2017-10-11,0,0
2017-10-11,0,0
2017-10-11,0,0
2017-10-11,0,0
2017-10-11,0,0
2017-10-11,0,0
2017-10-11,0,0
2017-10-11,0,0
2017-10-11,0,1
2017-10-11,0,1
2017-10-11,0,0
2017-10-11,0,0
2017-10-11,0,0
2017-10-11,0,0
2017-10-12,1,1
2017-10-12,1,0
2017-10-12,1,0
2017-10-12,1,1
2017-10-12,1,0
2017-10-12,1,0
2017-10-12,1,0
2017-10-12,1,0
2017-10-12,1,0
2017-10-12,1,0
2017-10-12,1,0
2017-10-12,1,0
2017-10-12,1,0
2017-10-12,1,0
2017-10-12,1,0
2017-10-12,1,0
2017-10-12,1,0
2017-10-12,1,0
2017-10-12,1,1
2017-10-12,1,0
2017-10-12,1,0
2017-10-12,1,0
2017-10-12,1,0
2017-10-12,1,0
2017-10-12,1,0
2017-10-12,1,0
2017-10-12,1,0
2017-10-12,1,0
2017-10-12,1,0
2017-10-13,0,0
2017-10-13,0,0
2017-10-13,0,0
2017-10-13,0,1
2017-10-13,0,0
2017-10-13,0,0
2017-10-13,0,0
2017-10-13,0,1
2017-10-13,0,0
2017-10-13,0,0
2017-10-13,0,0
2017-10-13,0,0
2017-10-13,0,0
2017-10-13,0,1
2017-10-13,0,0
2017-10-13,0,0
2017-10-13,0,0
2017-10-13,0,0
2017-10-13,0,1
2017-10-13,0,0
2017-10-13,0,0
2017-10-13,0,0
2017-10-13,0,0
2017-10-13,0,0
2017-10-16,0,0
2017-10-16,0,0
2017-10-16,0,0
2017-10-16,0,1
2017-10-16,0,0
2017-10-16,0,0
2017-10-16,0,0
2017-10-16,0,0
2017-10-16,0,0
2017-10-16,0,0
2017-10-16,0,0
2017-10-16,0,0
2017-10-16,0,0
2017-10-16,0,0
2017-10-16,0,0
2017-10-16,0,0
2017-10-16,0,0
2017-10-16,0,0
2017-10-16,0,1
2017-10-16,0,0
2017-10-16,0,0
2017-10-16,0,0
2017-10-16,0,0
2017-10-16,0,0
2017-10-16,0,0
2017-10-16,0,0
2017-10-16,0,0
2017-10-16,0,0
2017-10-16,0,1
2017-10-16,0,0
2017-10-16,0,0
2017-10-16,0,0
2017-10-16,0,0
2017-10-16,0,0
2017-10-16,0,0
2017-10-16,0,0
2017-10-16,0,1
2017-10-16,0,0
2017-10-16,0,0
2017-10-16,0,0
2017-10-16,0,0
2017-10-16,0,0
2017-10-17,0,0
2017-10-17,0,0
2017-10-17,0,0
2017-10-17,0,0
2017-10-17,0,0
2017-10-17,0,0
2017-10-17,0,0
2017-10-17,0,0
2017-10-17,0,0
2017-10-17,0,0
2017-10-17,0,0
2017-10-17,0,0
2017-10-17,0,0
2017-10-17,0,0
2017-10-17,0,1
2017-10-17,0,0
2017-10-17,0,0
2017-10-17,0,0
2017-10-17,0,0
2017-10-17,0,0
2017-10-17,0,0
2017-10-17,0,0
2017-10-17,0,1
2017-10-17,0,0
2017-10-17,0,0
2017-10-17,0,0
2017-10-17,0,0
2017-10-17,0,0
2017-10-17,0,0
2017-10-17,0,0
2017-10-17,0,0
2017-10-17,0,0
2017-10-17,0,0
2017-10-17,0,0
2017-10-17,0,1
2017-10-17,0,0
2017-10-17,0,0
2017-10-17,0,0
2017-10-17,0,0
2017-10-17,0,0
2017-10-17,0,0
2017-10-17,0,0
2017-10-17,0,0
2017-10-17,0,0
2017-10-17,0,-1
2017-10-17,0,0
2017-10-17,0,0
2017-10-17,0,0
2017-10-18,0,0
2017-10-18,0,0
2017-10-18,0,0
2017-10-18,0,0
2017-10-18,0,0
2017-10-18,0,0
2017-10-18,0,0
2017-10-18,0,0
2017-10-18,0,0
2017-10-18,0,0
2017-10-18,0,0
2017-10-18,0,0
2017-10-18,0,0
2017-10-18,0,0
2017-10-18,0,1
2017-10-18,0,0
2017-10-18,0,0
2017-10-18,0,0
2017-10-18,0,0
2017-10-18,0,0
2017-10-18,0,0
2017-10-18,0,0
2017-10-18,0,1
2017-10-18,0,0
2017-10-18,0,0
2017-10-18,0,0
2017-10-18,0,0
2017-10-18,0,0
2017-10-18,0,0
2017-10-18,0,0
2017-10-18,0,0
2017-10-18,0,0
2017-10-18,0,0
2017-10-18,0,0
2017-10-18,0,0
2017-10-18,0,0
2017-10-18,0,0
2017-10-18,0,0
2017-10-18,0,0
2017-10-18,0,0
2017-10-19,0,0
2017-10-19,0,0
2017-10-19,0,0
2017-10-19,0,0
2017-10-19,0,0
2017-10-19,0,0
2017-10-19,0,0
2017-10-19,0,1
2017-10-19,0,0
2017-10-19,0,0
2017-10-19,0,0
2017-10-19,0,0
2017-10-19,0,0
2017-10-19,0,0
2017-10-19,0,0
2017-10-19,0,0
2017-10-19,0,0
2017-10-19,0,0
2017-10-19,0,0
2017-10-19,0,0
2017-10-19,0,0
2017-10-19,0,0
2017-10-19,0,0
2017-10-19,0,0
2017-10-19,0,0
2017-10-19,0,0
2017-10-19,0,0
2017-10-19,0,0
2017-10-19,0,0
2017-10-19,0,0
2017-10-19,0,0
2017-10-19,0,0
2017-10-19,0,0
2017-10-19,0,1
2017-10-19,0,0
2017-10-19,0,0
2017-10-19,0,0
2017-10-19,0,1
2017-10-19,0,0
2017-10-19,0,0
2017-10-19,0,0
2017-10-19,0,0
2017-10-19,0,0
2017-10-19,0,1
2017-10-19,0,0
2017-10-19,0,0
2017-10-19,0,0
2017-10-19,0,0
2017-10-19,0,0
2017-10-19,0,0
2017-10-19,0,0
2017-10-19,0,0
2017-10-19,0,0
2017-10-19,0,0
2017-10-19,0,0
2017-10-19,0,0
2017-10-19,0,0
2017-10-19,0,0
2017-10-19,0,0
2017-10-19,0,0
2017-10-19,0,0
2017-10-19,0,0
2017-10-19,0,0
2017-10-19,0,0
2017-10-19,0,0
2017-10-19,0,0
2017-10-19,0,0
2017-10-19,0,0
2017-10-19,0,0
2017-10-19,0,1
2017-10-19,0,0
2017-10-19,0,0
2017-10-19,0,0
2017-10-20,0,0
2017-10-20,0,0
2017-10-20,0,0
2017-10-20,0,0
2017-10-20,0,0
2017-10-20,0,1
2017-10-20,0,0
2017-10-20,0,0
2017-10-20,0,0
2017-10-20,0,0
2017-10-20,0,0
2017-10-20,0,0
2017-10-20,0,0
2017-10-20,0,0
2017-10-20,0,0
2017-10-20,0,0
2017-10-20,0,0
2017-10-20,0,0
2017-10-20,0,0
2017-10-20,0,0
2017-10-20,0,0
2017-10-20,0,0
2017-10-20,0,0
2017-10-20,0,0
2017-10-20,0,0
2017-10-20,0,0
2017-10-20,0,0
2017-10-20,0,0
2017-10-20,0,0
2017-10-20,0,0
2017-10-20,0,0
2017-10-20,0,0
2017-10-20,0,0
2017-10-20,0,0
2017-10-20,0,0
2017-10-20,0,1
2017-10-20,0,1
2017-10-23,1,0
2017-10-23,1,0
2017-10-23,1,0
2017-10-23,1,0
2017-10-23,1,1
2017-10-23,1,0
2017-10-23,1,1
2017-10-23,1,0
2017-10-23,1,0
2017-10-23,1,0
2017-10-23,1,1
2017-10-23,1,0
2017-10-23,1,0
2017-10-23,1,0
2017-10-23,1,1
2017-10-23,1,0
2017-10-23,1,0
2017-10-23,1,1
2017-10-23,1,0
2017-10-23,1,0
2017-10-23,1,0
2017-10-23,1,0
2017-10-23,1,0
2017-10-23,1,0
2017-10-23,1,0
2017-10-23,1,0
2017-10-23,1,0
2017-10-23,1,0
2017-10-23,1,0
2017-10-23,1,0
2017-10-23,1,0
2017-10-23,1,0
2017-10-24,0,0
2017-10-24,0,0
2017-10-24,0,0
2017-10-24,0,0
2017-10-24,0,1
2017-10-24,0,1
2017-10-24,0,0
2017-10-24,0,0
2017-10-24,0,0
2017-10-24,0,0
2017-10-24,0,0
2017-10-24,0,0
2017-10-24,0,0
2017-10-24,0,0
2017-10-24,0,0
2017-10-24,0,0
2017-10-24,0,1
2017-10-24,0,0
2017-10-24,0,0
2017-10-24,0,0
2017-10-24,0,0
2017-10-24,0,1
2017-10-24,0,1
2017-10-24,0,0
2017-10-24,0,0
2017-10-24,0,0
2017-10-24,0,0
2017-10-24,0,0
2017-10-24,0,0
2017-10-24,0,0
2017-10-24,0,0
2017-10-24,0,0
2017-10-24,0,0
2017-10-24,0,0
2017-10-24,0,0
2017-10-24,0,0
2017-10-25,-1,0
2017-10-25,-1,0
2017-10-25,-1,0
2017-10-25,-1,0
2017-10-25,-1,0
2017-10-25,-1,0
2017-10-25,-1,0
2017-10-25,-1,0
2017-10-25,-1,0
2017-10-25,-1,0
2017-10-25,-1,0
2017-10-25,-1,0
2017-10-25,-1,0
2017-10-25,-1,0
2017-10-25,-1,0
2017-10-25,-1,1
2017-10-25,-1,0
2017-10-25,-1,0
2017-10-25,-1,0
2017-10-25,-1,0
2017-10-25,-1,0
2017-10-25,-1,0
2017-10-25,-1,0
2017-10-25,-1,0
2017-10-25,-1,1
2017-10-25,-1,0
2017-10-25,-1,0
2017-10-25,-1,1
2017-10-25,-1,0
2017-10-25,-1,0
2017-10-25,-1,0
2017-10-25,-1,0
2017-10-25,-1,1
2017-10-25,-1,0
2017-10-25,-1,0
2017-10-25,-1,0
2017-10-25,-1,0
2017-10-25,-1,0
2017-10-25,-1,0
2017-10-25,-1,0
2017-10-25,-1,0
2017-10-26,-1,0
2017-10-26,-1,0
2017-10-26,-1,0
2017-10-26,-1,1
2017-10-26,-1,0
2017-10-26,-1,0
2017-10-26,-1,0
2017-10-26,-1,0
2017-10-26,-1,0
2017-10-26,-1,0
2017-10-26,-1,0
2017-10-26,-1,0
2017-10-26,-1,0
2017-10-26,-1,0
2017-10-26,-1,0
2017-10-26,-1,0
2017-10-26,-1,0
2017-10-26,-1,0
2017-10-26,-1,0
2017-10-26,-1,0
2017-10-26,-1,0
2017-10-26,-1,0
2017-10-26,-1,0
2017-10-26,-1,0
2017-10-26,-1,0
2017-10-26,-1,1
2017-10-26,-1,0
2017-10-26,-1,0
2017-10-26,-1,1
2017-10-26,-1,0
2017-10-26,-1,0
2017-10-26,-1,0
2017-10-26,-1,0
2017-10-26,-1,0
2017-10-26,-1,0
2017-10-26,-1,0
2017-10-26,-1,0
2017-10-26,-1,0
2017-10-27,0,0
2017-10-27,0,0
2017-10-27,0,0
2017-10-27,0,0
2017-10-27,0,0
2017-10-27,0,0
2017-10-27,0,0
2017-10-27,0,1
2017-10-27,0,1
2017-10-27,0,0
2017-10-27,0,0
2017-10-27,0,0
2017-10-27,0,0
2017-10-27,0,0
2017-10-27,0,0
2017-10-27,0,1
2017-10-27,0,0
2017-10-27,0,0
2017-10-27,0,0
2017-10-27,0,0
2017-10-27,0,0
2017-10-27,0,0
2017-10-27,0,0
2017-10-27,0,0
2017-10-27,0,1
2017-10-27,0,0
2017-10-27,0,0
2017-10-27,0,0
2017-10-27,0,0
2017-10-27,0,1
2017-10-27,0,0
2017-10-27,0,1
2017-10-27,0,0
2017-10-27,0,0
2017-10-27,0,0
2017-10-27,0,0
2017-10-27,0,0
2017-10-30,-1,0
2017-10-30,-1,0
2017-10-30,-1,0
2017-10-30,-1,0
2017-10-30,-1,0
2017-10-30,-1,0
2017-10-30,-1,0
2017-10-30,-1,0
2017-10-30,-1,1
2017-10-30,-1,0
2017-10-30,-1,0
2017-10-30,-1,0
2017-10-30,-1,0
2017-10-30,-1,0
2017-10-30,-1,0
2017-10-30,-1,0
2017-10-30,-1,0
2017-10-30,-1,0
2017-10-30,-1,0
2017-10-30,-1,0
2017-10-30,-1,0
2017-10-30,-1,0
2017-10-30,-1,0
2017-10-30,-1,0
2017-10-30,-1,0
2017-10-30,-1,0
2017-10-30,-1,0
2017-10-30,-1,0
2017-10-30,-1,0
2017-10-30,-1,0
2017-10-30,-1,0
2017-10-30,-1,0
2017-10-30,-1,0
2017-10-30,-1,0
2017-10-30,-1,1
2017-10-30,-1,0
2017-10-30,-1,0
2017-10-30,-1,0
2017-10-30,-1,0
2017-10-30,-1,0
2017-10-30,-1,0
2017-10-30,-1,0
2017-10-30,-1,0
2017-10-30,-1,0
2017-10-30,-1,1
2017-10-31,0,0
2017-10-31,0,0
2017-10-31,0,0
2017-10-31,0,0
2017-10-31,0,0
2017-10-31,0,0
2017-10-31,0,0
2017-10-31,0,0
2017-10-31,0,0
2017-10-31,0,0
2017-10-31,0,0
2017-10-31,0,0
2017-10-31,0,0
2017-10-31,0,0
2017-10-31,0,1
2017-10-31,0,0
2017-10-31,0,0
2017-10-31,0,0
2017-10-31,0,0
2017-10-31,0,0
2017-10-31,0,0
2017-10-31,0,0
2017-10-31,0,0
2017-10-31,0,0
2017-10-31,0,0
2017-10-31,0,0
2017-10-31,0,0
2017-10-31,0,0
2017-10-31,0,0
2017-10-31,0,0
2017-10-31,0,0
2017-10-31,0,0
2017-10-31,0,0
2017-10-31,0,0
2017-10-31,0,0
2017-10-31,0,0
2017-10-31,0,0
2017-10-31,0,0
2017-10-31,0,0
2017-10-31,0,0
2017-10-31,0,0
2017-10-31,0,0
2017-10-31,0,0
2017-10-31,0,0
2017-10-31,0,1
2017-10-31,0,0
2017-10-31,0,0
2017-10-31,0,0
2017-10-31,0,0
2017-10-31,0,0
2017-10-31,0,0
2017-10-31,0,0
2017-10-31,0,0
2017-10-31,0,0
2017-10-31,0,0
2017-10-31,0,0
2017-11-01,0,0
2017-11-01,0,0
2017-11-01,0,0
2017-11-01,0,0
2017-11-01,0,0
2017-11-01,0,0
2017-11-01,0,0
2017-11-01,0,0
2017-11-01,0,0
2017-11-01,0,0
2017-11-01,0,0
2017-11-01,0,0
2017-11-01,0,0
2017-11-01,0,0
2017-11-01,0,0
2017-11-01,0,0
2017-11-01,0,0
2017-11-01,0,-1
2017-11-01,0,0
2017-11-01,0,0
2017-11-01,0,0
2017-11-01,0,0
2017-11-01,0,0
2017-11-01,0,0
2017-11-01,0,0
2017-11-01,0,0
2017-11-01,0,1
2017-11-01,0,0
2017-11-01,0,0
2017-11-01,0,0
2017-11-01,0,1
2017-11-01,0,0
2017-11-01,0,0
2017-11-01,0,1
2017-11-01,0,0
2017-11-01,0,0
2017-11-01,0,0
2017-11-02,0,0
2017-11-02,0,0
2017-11-02,0,0
2017-11-02,0,1
2017-11-02,0,1
2017-11-02,0,0
2017-11-02,0,0
2017-11-02,0,0
2017-11-02,0,0
2017-11-02,0,0
2017-11-02,0,0
2017-11-02,0,0
2017-11-02,0,0
2017-11-02,0,0
2017-11-02,0,0
2017-11-02,0,0
2017-11-02,0,0
2017-11-02,0,0
2017-11-02,0,0
2017-11-02,0,0
2017-11-02,0,0
2017-11-02,0,0
2017-11-02,0,0
2017-11-02,0,1
2017-11-02,0,-1
2017-11-02,0,0
2017-11-02,0,-1
2017-11-02,0,0
2017-11-02,0,0
2017-11-02,0,0
2017-11-02,0,0
2017-11-02,0,0
2017-11-02,0,0
2017-11-02,0,0
2017-11-02,0,0
2017-11-02,0,0
2017-11-02,0,0
2017-11-02,0,1
2017-11-02,0,0
2017-11-02,0,0
2017-11-02,0,1
2017-11-02,0,1
2017-11-02,0,0
2017-11-02,0,0
2017-11-02,0,1
2017-11-02,0,0
2017-11-02,0,0
2017-11-02,0,0
2017-11-02,0,0
2017-11-02,0,0
2017-11-02,0,0
2017-11-02,0,0
2017-11-02,0,0
2017-11-02,0,0
2017-11-02,0,0
2017-11-03,1,0
2017-11-03,1,1
2017-11-03,1,0
2017-11-03,1,0
2017-11-03,1,0
2017-11-03,1,0
2017-11-03,1,0
2017-11-03,1,0
2017-11-03,1,0
2017-11-03,1,0
2017-11-03,1,0
2017-11-03,1,0
2017-11-03,1,1
2017-11-03,1,1
2017-11-03,1,0
2017-11-03,1,0
2017-11-03,1,0
2017-11-03,1,0
2017-11-03,1,0
2017-11-03,1,0
2017-11-03,1,0
2017-11-03,1,0
2017-11-03,1,0
2017-11-03,1,0
2017-11-03,1,0
2017-11-03,1,0
2017-11-03,1,0
2017-11-03,1,0
2017-11-03,1,0
2017-11-03,1,0
2017-11-03,1,0
2017-11-03,1,0
2017-11-03,1,1
2017-11-03,1,0
2017-11-03,1,1
2017-11-03,1,0
2017-11-03,1,0
2017-11-03,1,0
2017-11-03,1,0
2017-11-03,1,0
2017-11-03,1,1
2017-11-03,1,0
2017-11-03,1,0
2017-11-03,1,0
2017-11-03,1,0
2017-11-03,1,0
2017-11-03,1,0
2017-11-03,1,0
2017-11-03,1,0
2017-11-03,1,0
2017-11-03,1,0
2017-11-03,1,0
2017-11-03,1,0
2017-11-03,1,0
2017-11-03,1,0
2017-11-03,1,0
2017-11-03,1,0
2017-11-03,1,0
2017-11-03,1,1
2017-11-03,1,0
2017-11-03,1,0
2017-11-03,1,0
2017-11-03,1,0
2017-11-03,1,1
2017-11-03,1,0
2017-11-03,1,0
2017-11-03,1,0
2017-11-03,1,0
2017-11-03,1,0
2017-11-03,1,0
2017-11-03,1,0
2017-11-03,1,0
2017-11-03,1,0
2017-11-03,1,0
2017-11-03,1,0
2017-11-03,1,0
2017-11-06,1,0
2017-11-06,1,1
2017-11-06,1,0
2017-11-06,1,0
2017-11-06,1,0
2017-11-06,1,0
2017-11-06,1,0
2017-11-06,1,0
2017-11-06,1,0
2017-11-06,1,0
2017-11-06,1,0
2017-11-06,1,0
2017-11-06,1,0
2017-11-06,1,0
2017-11-06,1,0
2017-11-06,1,0
2017-11-06,1,0
2017-11-06,1,0
2017-11-06,1,0
2017-11-06,1,0
2017-11-06,1,0
2017-11-06,1,0
2017-11-06,1,1
2017-11-06,1,0
2017-11-06,1,1
2017-11-06,1,0
2017-11-06,1,0
2017-11-06,1,0
2017-11-06,1,0
2017-11-06,1,0
2017-11-06,1,0
2017-11-06,1,0
2017-11-06,1,0
2017-11-06,1,0
2017-11-06,1,0
2017-11-06,1,0
2017-11-06,1,0
2017-11-06,1,0
2017-11-06,1,0
2017-11-06,1,0
2017-11-06,1,0
2017-11-06,1,0
2017-11-06,1,0
2017-11-06,1,0
2017-11-06,1,0
2017-11-06,1,0
2017-11-06,1,0
2017-11-06,1,0
2017-11-06,1,0
2017-11-06,1,0
2017-11-06,1,0
2017-11-06,1,0
2017-11-06,1,0
2017-11-06,1,0
2017-11-06,1,0
2017-11-06,1,0
2017-11-06,1,0
2017-11-06,1,0
2017-11-06,1,0
2017-11-06,1,0
2017-11-06,1,0
2017-11-06,1,0
2017-11-06,1,0
2017-11-06,1,0
2017-11-06,1,0
2017-11-06,1,0
2017-11-07,0,0
2017-11-07,0,0
2017-11-07,0,0
2017-11-07,0,0
2017-11-07,0,0
2017-11-07,0,0
2017-11-07,0,0
2017-11-07,0,0
2017-11-07,0,0
2017-11-07,0,0
2017-11-07,0,1
2017-11-07,0,0
2017-11-07,0,0
2017-11-07,0,1
2017-11-07,0,0
2017-11-07,0,0
2017-11-07,0,0
2017-11-07,0,0
2017-11-07,0,0
2017-11-07,0,0
2017-11-07,0,0
2017-11-07,0,0
2017-11-07,0,0
2017-11-07,0,0
2017-11-07,0,0
2017-11-07,0,0
2017-11-07,0,0
2017-11-07,0,1
2017-11-07,0,0
2017-11-07,0,0
2017-11-07,0,0
2017-11-07,0,0
2017-11-07,0,0
2017-11-07,0,0
2017-11-07,0,0
2017-11-07,0,0
2017-11-07,0,0
2017-11-07,0,0
2017-11-07,0,0
2017-11-07,0,0
2017-11-07,0,0
2017-11-07,0,0
2017-11-07,0,0
2017-11-07,0,0
2017-11-07,0,1
2017-11-07,0,0
2017-11-07,0,0
2017-11-08,-1,0
2017-11-08,-1,1
2017-11-08,-1,0
2017-11-08,-1,0
2017-11-08,-1,0
2017-11-08,-1,1
2017-11-08,-1,0
2017-11-08,-1,0
2017-11-08,-1,0
2017-11-08,-1,1
2017-11-08,-1,0
2017-11-08,-1,0
2017-11-08,-1,0
2017-11-08,-1,0
2017-11-08,-1,1
2017-11-08,-1,0
2017-11-08,-1,0
2017-11-08,-1,0
2017-11-08,-1,0
2017-11-08,-1,0
2017-11-08,-1,0
2017-11-08,-1,0
2017-11-08,-1,0
2017-11-08,-1,0
2017-11-08,-1,0
2017-11-08,-1,0
2017-11-08,-1,0
2017-11-08,-1,0
2017-11-08,-1,0
2017-11-08,-1,0
2017-11-08,-1,0
2017-11-08,-1,0
2017-11-08,-1,0
2017-11-08,-1,0
2017-11-08,-1,1
2017-11-08,-1,0
2017-11-08,-1,0
2017-11-08,-1,0
2017-11-08,-1,0
2017-11-08,-1,0
2017-11-08,-1,0
2017-11-08,-1,1
2017-11-08,-1,0
2017-11-08,-1,0
2017-11-08,-1,1
2017-11-08,-1,0
2017-11-08,-1,0
2017-11-09,-1,0
2017-11-09,-1,0
2017-11-09,-1,0
2017-11-09,-1,0
2017-11-09,-1,0
2017-11-09,-1,0
2017-11-09,-1,0
2017-11-09,-1,0
2017-11-09,-1,0
2017-11-09,-1,1
2017-11-09,-1,1
2017-11-09,-1,0
2017-11-09,-1,1
2017-11-09,-1,0
2017-11-09,-1,0
2017-11-09,-1,0
2017-11-09,-1,0
2017-11-09,-1,1
2017-11-09,-1,0
2017-11-09,-1,0
2017-11-09,-1,0
2017-11-09,-1,0
2017-11-09,-1,0
2017-11-09,-1,0
2017-11-09,-1,0
2017-11-09,-1,0
2017-11-09,-1,0
2017-11-09,-1,0
2017-11-09,-1,0
2017-11-09,-1,0
2017-11-09,-1,0
2017-11-09,-1,0
2017-11-09,-1,0
2017-11-09,-1,0
2017-11-09,-1,0
2017-11-09,-1,0
2017-11-09,-1,0
2017-11-09,-1,1
2017-11-10,0,0
2017-11-10,0,0
2017-11-10,0,0
2017-11-10,0,0
2017-11-10,0,0
2017-11-10,0,0
2017-11-10,0,0
2017-11-10,0,0
2017-11-10,0,0
2017-11-10,0,0
2017-11-10,0,0
2017-11-10,0,0
2017-11-10,0,1
2017-11-10,0,0
2017-11-10,0,0
2017-11-10,0,0
2017-11-10,0,0
2017-11-10,0,0
2017-11-10,0,0
2017-11-10,0,0
2017-11-10,0,0
2017-11-10,0,0
2017-11-10,0,0
2017-11-10,0,0
2017-11-13,0,0
2017-11-13,0,0
2017-11-13,0,0
2017-11-13,0,0
2017-11-13,0,1
2017-11-13,0,0
2017-11-13,0,1
2017-11-13,0,0
2017-11-13,0,0
2017-11-13,0,0
2017-11-13,0,0
2017-11-13,0,0
2017-11-13,0,0
2017-11-13,0,0
2017-11-13,0,0
2017-11-13,0,0
2017-11-13,0,0
2017-11-13,0,1
2017-11-13,0,0
2017-11-13,0,0
2017-11-14,0,0
2017-11-14,0,0
2017-11-14,0,0
2017-11-14,0,0
2017-11-14,0,0
2017-11-14,0,0
2017-11-14,0,0
2017-11-14,0,0
2017-11-14,0,0
2017-11-14,0,0
2017-11-14,0,0
2017-11-14,0,0
2017-11-14,0,0
2017-11-14,0,0
2017-11-14,0,1
2017-11-14,0,0
2017-11-14,0,0
2017-11-14,0,0
2017-11-14,0,0
2017-11-14,0,0
2017-11-14,0,0
2017-11-14,0,0
2017-11-14,0,0
2017-11-14,0,1
2017-11-14,0,0
2017-11-14,0,0
2017-11-14,0,0
2017-11-14,0,0
2017-11-14,0,0
2017-11-14,0,0
2017-11-14,0,1
2017-11-14,0,0
2017-11-14,0,1
2017-11-14,0,0
2017-11-14,0,0
2017-11-14,0,0
2017-11-14,0,0
2017-11-14,0,0
2017-11-14,0,0
2017-11-14,0,0
2017-11-14,0,0
2017-11-14,0,0
2017-11-14,0,0
2017-11-14,0,0
2017-11-15,0,0
2017-11-15,0,0
2017-11-15,0,0
2017-11-15,0,0
2017-11-15,0,0
2017-11-15,0,1
2017-11-15,0,0
2017-11-15,0,0
2017-11-15,0,0
2017-11-15,0,0
2017-11-15,0,1
2017-11-15,0,0
2017-11-15,0,0
2017-11-15,0,0
2017-11-15,0,0
2017-11-15,0,0
2017-11-15,0,0
2017-11-15,0,0
2017-11-15,0,1
2017-11-15,0,0
2017-11-15,0,0
2017-11-15,0,0
2017-11-15,0,0
2017-11-15,0,0
2017-11-15,0,0
2017-11-15,0,0
2017-11-15,0,0
2017-11-15,0,1
2017-11-16,0,0
2017-11-16,0,0
2017-11-16,0,0
2017-11-16,0,0
2017-11-16,0,0
2017-11-16,0,0
2017-11-16,0,0
2017-11-16,0,0
2017-11-16,0,0
2017-11-16,0,0
2017-11-16,0,0
2017-11-16,0,0
2017-11-16,0,0
2017-11-16,0,0
2017-11-16,0,0
2017-11-16,0,0
2017-11-16,0,0
2017-11-16,0,0
2017-11-16,0,0
2017-11-16,0,0
2017-11-16,0,0
2017-11-16,0,0
2017-11-16,0,1
2017-11-16,0,0
2017-11-16,0,0
2017-11-16,0,0
2017-11-16,0,0
2017-11-17,0,0
2017-11-17,0,0
2017-11-17,0,1
2017-11-17,0,0
2017-11-17,0,0
2017-11-17,0,0
2017-11-17,0,0
2017-11-17,0,0
2017-11-17,0,0
2017-11-17,0,0
2017-11-17,0,0
2017-11-17,0,0
2017-11-17,0,0
2017-11-17,0,1
2017-11-17,0,0
2017-11-17,0,0
2017-11-17,0,0
2017-11-17,0,0
2017-11-17,0,1
2017-11-17,0,0
2017-11-17,0,0
2017-11-17,0,1
2017-11-17,0,0
2017-11-17,0,0
2017-11-17,0,0
2017-11-17,0,0
2017-11-17,0,0
2017-11-17,0,0
2017-11-20,0,0
2017-11-20,0,0
2017-11-20,0,0
2017-11-20,0,0
2017-11-20,0,0
2017-11-20,0,0
2017-11-20,0,0
2017-11-20,0,0
2017-11-20,0,-1
2017-11-20,0,0
2017-11-20,0,0
2017-11-20,0,0
2017-11-20,0,0
2017-11-20,0,1
2017-11-20,0,0
2017-11-20,0,0
2017-11-20,0,1
2017-11-20,0,0
2017-11-20,0,0
2017-11-20,0,0
2017-11-20,0,0
2017-11-20,0,0
2017-11-20,0,0
2017-11-21,0,1
2017-11-21,0,0
2017-11-21,0,1
2017-11-21,0,0
2017-11-21,0,0
2017-11-21,0,0
2017-11-21,0,0
2017-11-21,0,0
2017-11-21,0,0
2017-11-21,0,0
2017-11-21,0,0
2017-11-21,0,0
2017-11-21,0,0
2017-11-21,0,0
2017-11-21,0,0
2017-11-21,0,0
2017-11-21,0,0
2017-11-21,0,0
2017-11-21,0,1
2017-11-21,0,0
2017-11-21,0,0
2017-11-21,0,0
2017-11-21,0,0
2017-11-21,0,0
2017-11-21,0,0
2017-11-21,0,0
2017-11-21,0,0
2017-11-21,0,0
2017-11-21,0,0
2017-11-21,0,0
2017-11-21,0,1
2017-11-21,0,0
2017-11-21,0,0
2017-11-21,0,0
2017-11-21,0,0
2017-11-21,0,0
2017-11-21,0,0
2017-11-22,0,0
2017-11-22,0,0
2017-11-22,0,0
2017-11-22,0,0
2017-11-22,0,0
2017-11-22,0,0
2017-11-22,0,1
2017-11-22,0,0
2017-11-22,0,0
2017-11-22,0,0
2017-11-22,0,0
2017-11-22,0,0
2017-11-22,0,0
2017-11-22,0,0
2017-11-22,0,0
2017-11-22,0,0
2017-11-22,0,0
2017-11-22,0,1
2017-11-22,0,0
2017-11-24,0,0
2017-11-24,0,0
2017-11-24,0,0
2017-11-24,0,0
2017-11-24,0,0
2017-11-24,0,0
2017-11-24,0,0
2017-11-27,0,0
2017-11-27,0,1
2017-11-27,0,0
2017-11-27,0,0
2017-11-27,0,0
2017-11-27,0,0
2017-11-27,0,0
2017-11-27,0,0
2017-11-27,0,0
2017-11-27,0,0
2017-11-27,0,0
2017-11-27,0,0
2017-11-28,-1,0
2017-11-28,-1,0
2017-11-28,-1,0
2017-11-28,-1,0
2017-11-28,-1,0
2017-11-28,-1,0
2017-11-28,-1,0
2017-11-28,-1,0
2017-11-28,-1,0
2017-11-28,-1,0
2017-11-28,-1,0
2017-11-28,-1,0
2017-11-28,-1,0
